Book Id,Title,Author,Author l-f,Additional Authors,ISBN,ISBN13,My Rating,Average Rating,Publisher,Binding,Number of Pages,Year Published,Original Publication Year,Date Read,Date Added,Bookshelves,Bookshelves with positions,Exclusive Shelf,My Review,Spoiler,Private Notes,Read Count,Recommended For,Recommended By,Owned Copies,Original Purchase Date,Original Purchase Location,Condition,Condition Description,BCID
31172358,Introduction L'Histoire de Notre Temps. Le Xxe Si'cle de 1914 Nos Jours T3,Ren' R'Mond,"R'Mond, Ren'",,"=""275784007X""","=""9782757840078""",3,2.89,Contemporary French Fiction,Paperback,,2014,,,2020/01/06,,,read,,,,1,,,0,,,,,
17377501,Formations of European Modernity: A Historical and Political Sociology of Europe,Gerard Delanty,"Delanty, Gerard",,"=""113728790X""","=""9781137287908""",2,2.68,Palgrave Macmillan,Hardcover,352,2013,2013,,2020/01/06,,,read,,,,1,,,0,,,,,
4096948,Jehan de Loin,Bertrand Solet,"Solet, Bertrand",,"=""201321880X""","=""9782013218801""",3,3.08,Le livre de poche jeunesse,Paperback,187,2001,2001,,2020/09/02,childhood,childhood (#71),read,,,,0,,,0,,,,,
17332697,L'Amour,Marguerite Duras,"Duras, Marguerite","Kazim Ali, Libby Murphy, Sharon Willis","=""1934824798""","=""9781934824795""",3,3.28,Open Letter Books,Paperback,112,2013,1972,,2020/01/04,,,read,,,,1,,,0,,,,,
3283513,"Wine Politics: How Governments, Environmentalists, Mobsters, and Critics Influence the Wines We Drink",Tyler Colman,"Colman, Tyler",,"=""0520255216""","=""9780520255210""",3,3.34,University of California Press,Hardcover,208,2008,2008,2020/05/01,2020/05/01,,,read,,,,1,,,0,,,,,
52618065,What Do You Think You Are?: The Science of What Makes You You,Brian Clegg,"Clegg, Brian",,"=""1785786237""","=""9781785786235""",1,3.27,Icon Books,Hardcover,288,2020,,,2021/02/24,books-started-but-not-finished,books-started-but-not-finished (#1),read,,,,0,,,0,,,,,
1695612,Roman Britain: A Very Short Introduction,Peter Salway,"Salway, Peter",,"=""0192854046""","=""9780192854049""",3,3.38,Oxford University Press,Paperback,78,2002,2000,,2020/01/06,childhood,childhood (#61),read,,,,1,,,0,,,,,
370361,Caperucita en Manhattan,Carmen Martín Gaite,"Gaite, Carmen Martín",María del Carmen Ponz Guillén,"=""""","=""""",3,3.39,Siruela/Colección Escolar de Literatura,Unknown Binding,260,2008,1990,,2020/01/06,,,read,,,,1,,,0,,,,,
2099004,Las trece rosas,Jesús Ferrero,"Ferrero, Jesús",,"=""8478446761""","=""9788478446766""",3,3.46,Siruela,Paperback,233,2004,2003,,2020/01/06,childhood,childhood (#63),read,,,,1,,,0,,,,,
44436697,"Introducing A Graphic Guide (Series 6) 8 Books Collection Set (Epigenetics,Genetics,Infinity,Relativity,Evolution, Stephen Hawking...) Books for Childrens",Various,"Various, Various",,"=""9526536509""","=""9789526536507""",3,3.33,Icon Books Ltd,Paperback,,,,,2020/01/06,childhood,childhood (#60),read,,,,1,,,0,,,,,
1302829,Paris l'instant,Philippe Delerm,"Delerm, Philippe",Martine Delerm,"=""2253072591""","=""9782253072591""",2,3.49,Livre de Poche,Mass Market Paperback,160,2004,2002,,2020/01/06,,,read,,,,1,,,0,,,,,
36114128,Manon Lescaut,Antoine François Prévost d'Exiles,"d'Exiles, Antoine François Prévost",,"=""208128586X""","=""9782081285866""",3,3.51,French and European Publications Inc,Mass Market Paperback,,2016,1731,,2020/01/06,childhood,childhood (#66),read,,,,1,,,0,,,,,
18694005,Unhappy Union: How Europe Can Resolve the Crisis It has Created,The Economist,"Economist, The","John Peet, Anton La Guardia","=""1610394496""","=""9781610394499""",3,3.50,The Economist,Hardcover,192,2014,2014,,2020/01/06,,,read,,,,1,,,0,,,,,
18310164,The Happy Atheist,P.Z. Myers,"Myers, P.Z.",,"=""0307739805""","=""9780307739803""",3,3.55,Vintage,Paperback,208,2014,2013,,2020/01/06,,,read,,,,1,,,0,,,,,
9444470,Introduction À La Géopolitique,Philippe Moreau Defarges,"Defarges, Philippe Moreau",,"=""2757815776""","=""9782757815779""",2,3.50,Éd. du Seuil,,256,2009,1994,,2020/01/06,,,read,,,,1,,,0,,,,,
18663939,Un hivernage dans les glaces,Jules Verne,"Verne, Jules",,"=""2011689600""","=""9782011689603""",3,3.59,Hachette Education,,175,2004,1855,,2020/01/04,,,read,,,,1,,,0,,,,,
2553753,Britannicus,Jean Racine,"Racine, Jean",,"=""2070315118""","=""9782070315116""",3,3.64,Gallimard Education,Paperback,,2004,1669,,2020/01/06,childhood,childhood (#58),read,,,,1,,,0,,,,,
16225505,Governance: A Very Short Introduction,Mark Bevir,"Bevir, Mark",,"=""0199606412""","=""9780199606412""",3,3.65,"Oxford University Press, USA",Paperback,132,2012,2012,,2020/01/06,,,read,,,,1,,,0,,,,,
1520896,Les Fourberies de Scapin,Molière,"Molière, Molière",,"=""203871665X""","=""9782038716658""",4,3.67,Larousse,Mass Market Paperback,191,2007,1671,,2020/01/06,,,read,,,,1,,,0,,,,,
428077,L'Avare,Molière,"Molière, Molière",,"=""2091878235""","=""9782091878232""",5,3.69,Cle Intl,Paperback,79,2003,1668,,2020/01/06,,,read,,,,1,,,0,,,,,
3079119,Julius Caesar,William Shakespeare,"Shakespeare, William","Tim Seward, Rob  Smith","=""0521706777""","=""9780521706773""",4,3.69,Cambridge University Press,Paperback,196,2008,1599,,2020/01/06,childhood,childhood (#67),read,,,,1,,,0,,,,,
907444,The Shakespeare Stealer,Gary L. Blackwood,"Blackwood, Gary L.",,"=""0862786347""","=""9780862786342""",4,3.69,O'Brien Press,Paperback,,1999,1998,,2020/01/06,childhood,childhood (#53),read,,,,1,,,0,,,,,
69716,Annie John,Jamaica Kincaid,"Kincaid, Jamaica",,"=""0099773813""","=""9780099773818""",4,3.69,Vintage,Paperback,148,1997,1985,,2020/01/06,childhood,childhood (#68),read,,,,1,,,0,,,,,
7762207,Dead Aid: Why aid is not working and how there is another way for Africa,Dambisa Moyo,"Moyo, Dambisa",,"=""0141031182""","=""9780141031187""",2,3.70,Penguin,Paperback,188,2010,2009,,2020/01/06,,,read,,,,1,,,0,,,,,
100018,Political Philosophy: A Very Short Introduction,David    Miller,"Miller, David",,"=""0192803956""","=""9780192803955""",3,3.70,Oxford University Press,Paperback,147,2003,2003,,2020/01/06,,,read,,,,1,,,0,,,,,
5886738,Kit's Wilderness,David Almond,"Almond, David",,"=""034094496X""","=""9780340944967""",3,3.70,Hodder Children's Books,Paperback,233,2008,1999,,2020/01/06,childhood,childhood (#54),read,,,,1,,,0,,,,,
139693,The Lost Art of the Great Speech: How to Write One--How to Deliver It,Richard Dowis,"Dowis, Richard",,"=""0814470548""","=""9780814470541""",4,3.71,AMACOM,Paperback,288,1999,1999,,2020/01/06,,,read,,,,1,,,0,,,,,
18179434,"Big Data: A Revolution That Will Transform How We Live, Work, and Think",Viktor Mayer-Schönberger,"Mayer-Schönberger, Viktor",Kenneth Cukier,"=""1848547927""","=""9781848547926""",3,3.71,John Murray Publishers,Paperback,242,2013,2013,,2020/01/06,,,read,,,,1,,,0,,,,,
11744637,Phèdre,Jean Racine,"Racine, Jean",,"=""2035859166""","=""9782035859167""",4,3.72,Larousse,Mass Market Paperback,176,2011,1676,,2020/01/06,childhood,childhood (#57),read,,,,1,,,0,,,,,
1690148,La ciudad de las bestias,Isabel Allende,"Allende, Isabel",,"=""8497935691""","=""9788497935692""",3,3.72,Debolsillo,Mass Market Paperback,304,2012,2002,,2020/01/06,childhood,childhood (#59),read,,,,1,,,0,,,,,
857213,Le Malade imaginaire,Molière,"Molière, Molière",,"=""2038716668""","=""9782038716665""",4,3.74,Larousse,Mass Market Paperback,255,1998,1673,,2020/01/06,,,read,,,,1,,,0,,,,,
74646,Philosophy: A Very Short Introduction,Edward Craig,"Craig, Edward",,"=""0192854216""","=""9780192854216""",3,3.75,"Oxford University Press, USA",Paperback,132,2002,2002,,2020/01/06,childhood,childhood (#62),read,,,,1,,,0,,,,,
21972585,Celle qui n'était plus,Boileau-Narcejac,"Boileau-Narcejac, Boileau-Narcejac",,"=""2070410242""","=""9782070410248""",4,3.74,Gallimard Education,Paperback,186,1999,1952,,2020/01/06,,,read,,,,1,,,0,,,,,
18135,Romeo and Juliet,William Shakespeare,"Shakespeare, William","Paul Werstine, Barbara A. Mowat, Paavo Emil Cajander","=""0743477111""","=""9780743477116""",3,3.75,Simon Schuster,Paperback,301,2004,1597,,2020/01/04,,,read,,,,1,,,0,,,,,
257213,Le Bourgeois Gentilhomme,Molière,"Molière, Molière",,"=""2038716617""","=""9782038716610""",4,3.75,Larousse,Mass Market Paperback,239,2003,1670,,2020/01/06,,,read,,,,1,,,0,,,,,
22104318,World War II: A Very Short Introduction,Gerhard L. Weinberg,"Weinberg, Gerhard L.",,"=""019968877X""","=""9780199688777""",2,3.76,"Oxford University Press, USA",Paperback,144,2014,2014,,2020/01/06,,,read,,,,1,,,0,,,,,
2924317,Le Médecin Malgré Lui,Molière,"Molière, Molière",Marie-Helene Prat,"=""2858902755""","=""""",5,3.77,,Paperback,189,,1666,,2020/01/06,,,read,,,,1,,,0,,,,,
34465343,Du contrat social,Jean-Jacques Rousseau,"Rousseau, Jean-Jacques",,"=""2081275236""","=""""",4,3.78,,Paperback,255,2011,1762,,2020/01/06,,,read,,,,1,,,0,,,,,
30056901,Un automne rouge sang (L'hôtel des quatre saisons) (Heure noire),Paul Thiès,"Thiès, Paul",,"=""""","=""""",4,3.82,Rageot Editeur,Kindle Edition,113,2006,2006,,2020/01/04,,,read,,,,1,,,0,,,,,
17716,Waiting for Godot,Samuel Beckett,"Beckett, Samuel",,"=""""","=""""",5,3.83,Grove,Paperback,109,2011,1952,,2020/04/06,,,read,,,,1,,,0,,,,,
24579105,Un printemps vert panique (L'hôtel des quatre saisons),Paul Thiès,"Thiès, Paul",,"=""""","=""""",4,3.84,Rageot Editeur,Kindle Edition,124,2004,2004,,2020/01/04,,,read,,,,1,,,0,,,,,
23368013,Is the American Century Over?,Joseph S. Nye Jr.,"Jr., Joseph S. Nye",,"=""0745690068""","=""9780745690063""",4,3.84,Polity Press,Hardcover,152,2015,2015,,2020/01/06,,,read,,,,1,,,0,,,,,
16071266,"You Are Not So Smart: Why You Have Too Many Friends on Facebook, Why Your Memory Is Mostly Fiction, and 46 Other Ways You're Deluding Yourself",David McRaney,"McRaney, David",,"=""1851689397""","=""9781851689392""",2,3.86,Oneworld Publications,Paperback,302,2012,2011,,2020/01/06,,,read,,,,1,,,0,,,,,
21238589,Politics: Ideas in Profile,David Runciman,"Runciman, David",,"=""1781252572""","=""9781781252574""",2,3.87,Profile Books,Paperback,176,2014,2014,,2020/01/06,,,read,,,,1,,,0,,,,,
25227,Tuck Everlasting,Natalie Babbitt,"Babbitt, Natalie",Peter Thomas,"=""1400099102""","=""9781400099108""",5,3.87,Listening Library (Audio),Audio CD,4,2005,1975,,2020/01/06,,,read,,,,1,,,0,,,,,
51070,"The Secret Diary of Adrian Mole, Aged 13 3/4  (Adrian Mole, #1)",Sue Townsend,"Townsend, Sue",,"=""0060533994""","=""9780060533991""",5,3.87,HarperTeen,Paperback,272,2003,1982,,2020/01/06,,,read,,,,1,,,0,,,,,
12099421,"Histoire Du X Xe Siècle Tome 3,La Fin Du Monde Bipolaire",Serge Berstein,"Berstein, Serge",Pierre Milza,"=""2218947374""","=""9782218947377""",3,3.88,Hatier,,287,2010,2001,,2020/01/06,childhood,childhood (#69),read,,,,1,,,0,,,,,
11931977,"L'aigle de la 9e Légion (Les trois légions, #1)",Rosemary Sutcliff,"Sutcliff, Rosemary",Bertrand Ferrier,"=""2070612546""","=""9782070612543""",3,3.93,Gallimard,Paperback,315,2011,1954,,2020/01/06,,,read,,,,1,,,0,,,,,
44559,Life is Elsewhere,Milan Kundera,"Kundera, Milan",Aaron Asher,"=""0060997028""","=""9780060997021""",5,3.95,Harper Perennial,Paperback,432,2000,1969,,2020/04/04,,,read,,,,1,,,0,,,,,
6577983,Politics,Aristotle,"Aristotle, Aristotle","R.F. Stalley, Ernest Barker","=""0199538735""","=""9780199538737""",3,3.97,Oxford University Press,Paperback,423,2009,,,2020/01/06,,,read,,,,1,,,0,,,,,
25242081,"The Fierce Urgency of Now: Lyndon Johnson, Congress, and the Battle for the Great Society",Julian E. Zelizer,"Zelizer, Julian E.",,"=""0143128019""","=""9780143128014""",4,3.97,Penguin Books,Paperback,384,2015,2015,,2020/01/06,,,read,,,,1,,,0,,,,,
136782,"Stormbreaker (Alex Rider, #1)",Anthony Horowitz,"Horowitz, Anthony",,"=""014240165X""","=""9780142401651""",5,3.98,Speak,Paperback,256,2004,2000,,2020/01/04,,,read,,,,1,,,0,,,,,
30597,The Hunchback of Notre-Dame,Victor Hugo,"Hugo, Victor",Walter J. Cobb,"=""0451527887""","=""9780451527882""",5,3.99,Signet Classics,Paperback,510,2001,1831,,2020/04/06,,,read,,,,1,,,0,,,,,
13707584,"The Last Refuge: Yemen, al-Qaeda, and America's War in Arabia",Gregory D. Johnsen,"Johnsen, Gregory D.",,"=""0393082423""","=""9780393082425""",4,4.00,W. W. Norton  Company,Hardcover,352,2012,2012,,2020/01/06,,,read,,,,1,,,0,,,,,
828469,"Nervous Conditions (Nervous Conditions, #1)",Tsitsi Dangarembga,"Dangarembga, Tsitsi",Kwame Anthony Appiah,"=""0954702336""","=""9780954702335""",4,4.00,Ayebia,Paperback,212,2004,1988,,2020/01/06,childhood,childhood (#56),read,,,,1,,,0,,,,,
1479288,Oliver Twist,Marian Leighton,"Leighton, Marian","Ric Estrada, Charles Dickens","=""0866119566""","=""9780866119566""",5,4.01,Baronet Books,Hardcover,240,2000,1979,,2020/01/06,,,read,,,,1,,,0,,,,,
7068142,Alcools,Guillaume Apollinaire,"Apollinaire, Guillaume",,"=""1412180783""","=""9781412180788""",4,4.01,Ebookslib,ebook,136,2010,1913,,2020/04/06,,,read,,,,1,,,0,,,,,
6998499,The Challenge for Africa,Wangari Maathai,"Maathai, Wangari",,"=""0307390284""","=""9780307390288""",3,4.02,Anchor Books,Paperback,319,2010,2009,,2020/01/06,,,read,,,,1,,,0,,,,,
8908128,De la démocratie en Amérique,Alexis de Tocqueville,"Tocqueville, Alexis de",,"=""2081220873""","=""9782081220874""",3,4.03,Editions Flammarion,Mass Market Paperback,301,2010,1835,,2020/01/06,,,read,,,,1,,,0,,,,,
92967,L'Assommoir,Émile Zola,"Zola, Émile",Robin Buss,"=""0140447539""","=""9780140447538""",4,4.03,Penguin Books Ltd,Paperback,480,2001,1876,,2020/01/04,,,read,,,,1,,,0,,,,,
30197119,Liminal Thinking,Dave  Gray,"Gray, Dave",,"=""""","=""""",2,4.04,Rosenfeld Media,Paperback,224,2016,2016,2020/10/05,2020/10/05,,,read,,,,1,,,0,,,,,
2265534,"Histoire du XXe siècle, tome 1 : La fin du monde européen 1900-1945",Serge Berstein,"Berstein, Serge",Pierre Milza,"=""2218715643""","=""9782218715648""",3,4.03,Hatier,Paperback,501,1994,1984,,2020/01/06,childhood,childhood (#70),read,,,,1,,,0,,,,,
15638,Cyrano de Bergerac,Edmond Rostand,"Rostand, Edmond","Eteel Lawson, Lowell Bair","=""0451528921""","=""9780451528926""",5,4.06,Signet Classics,Paperback,240,2003,1897,,2020/05/27,,,read,,,,1,,,0,,,,,
15799334,"Why Nations Fail: The Origins of Power, Prosperity, and Poverty",Daron Acemoğlu,"Acemoğlu, Daron",James A. Robinson,"=""0307719227""","=""9780307719225""",3,4.07,Crown Business,Paperback,529,2013,2012,,2020/01/06,,,read,,,,1,,,0,,,,,
1021324,Hannah,Jean-Claude Mourlevat,"Mourlevat, Jean-Claude",,"=""2266123130""","=""9782266123136""",4,4.08,Pocket Jeunesse,Mass Market Paperback,160,2002,2002,,2020/01/06,,,read,,,,1,,,0,,,,,
21101008,"China's War with Japan, 1937-1945: The Struggle for Survival",Rana Mitter,"Mitter, Rana",,"=""014103145X""","=""9780141031453""",5,4.10,Penguin,Paperback,480,2014,2013,,2020/01/06,,,read,,,,1,,,0,,,,,
25619990,Primavera con una esquina rota,Mario Benedetti,"Benedetti, Mario",,"=""8490626766""","=""9788490626764""",3,4.11,DeBolsillo,Paperback,224,2015,1982,,2020/01/06,childhood,childhood (#64),read,,,,1,,,0,,,,,
13549066,Essais sceptiques,Bertrand Russell,"Russell, Bertrand",,"=""2251200088""","=""9782251200088""",4,4.12,Belles Lettres,Paperback,262,2011,1928,,2020/01/06,,,read,,,,1,,,0,,,,,
48855,The Diary of a Young Girl,Anne Frank,"Frank, Anne","Eleanor Roosevelt, Barbara Mooyaart-Doubleday","=""""","=""""",4,4.16,Bantam,Mass Market Paperback,283,1993,1947,,2020/04/06,,,read,,,,1,,,0,,,,,
37554931,Testament politique,Armand Jean du Plessis de Richelieu,"Richelieu, Armand Jean du Plessis de",,"=""""","=""9782262072230""",4,4.14,Perrin,Paperback,352,2017,1689,,2020/01/06,,,read,,,,1,,,0,,,,,
5479,Brave New World / Brave New World Revisited,Aldous Huxley,"Huxley, Aldous",Christopher Hitchens,"=""0060776099""","=""9780060776091""",5,4.17,Harper Perennial Modern Classics,Paperback,340,2005,1958,,2020/04/06,,,read,,,,1,,,0,,,,,
15764704,The Search For Modern China,Jonathan D. Spence,"Spence, Jonathan D.",,"=""0393934519""","=""9780393934519""",3,4.17,W. W. Norton & Company,Paperback,730,2012,1990,,2020/01/06,,,read,,,,1,,,0,,,,,
6566616,"Crocodile Tears (Alex Rider, #8)",Anthony Horowitz,"Horowitz, Anthony",,"=""0399250565""","=""9780399250569""",4,4.19,Philomel Books,Hardcover,385,2009,2009,,2020/01/04,,,read,,,,1,,,0,,,,,
71296,"The Mansions of the Gods (Astérix, #17)",René Goscinny,"Goscinny, René",Albert Uderzo,"=""0752866397""","=""9780752866390""",3,4.20,Asterix,Paperback,48,2004,1971,,2020/01/04,childhood,childhood (#16),read,,,,1,,,0,,,,,
479650,"The Fall (Cherub, #7)",Robert Muchamore,"Muchamore, Robert",,"=""0340911700""","=""9780340911709""",5,4.22,Hodder Children's,Paperback,330,2007,2006,,2020/01/04,,,read,,,,1,,,0,,,,,
122438,"Asterix in Switzerland (Asterix, #16)",René Goscinny,"Goscinny, René",Albert Uderzo,"=""0752866354""","=""9780752866352""",3,4.24,Asterix,Paperback,48,2004,1970,,2020/01/04,childhood,childhood (#7),read,,,,1,,,0,,,,,
1166131,"The Recruit (Cherub, #1)",Robert Muchamore,"Muchamore, Robert",,"=""068987779X""","=""9780689877797""",4,4.24,Simon Pulse,Paperback,342,2005,2004,,2020/01/04,,,read,,,,1,,,0,,,,,
230200,Paroles,Jacques Prévert,"Prévert, Jacques",,"=""2070367622""","=""9782070367627""",4,4.26,Folio,Mass Market Paperback,254,1976,1949,,2020/04/06,,,read,,,,1,,,0,,,,,
7126,The Count of Monte Cristo,Alexandre Dumas,"Dumas, Alexandre",Robin Buss,"=""0140449264""","=""9780140449266""",5,4.26,Penguin Classics,Paperback,1276,2003,1844,,2020/04/06,,,read,,,,1,,,0,,,,,
128657,Histoires Inédites du Petit Nicolas,René Goscinny,"Goscinny, René",Jean-Jacques Sempé,"=""0785916512""","=""9780785916512""",5,4.26,French & European Pubns,Hardcover,635,2005,2004,,2020/01/04,childhood,childhood (#23),read,,,,1,,,0,,,,,
1303564,"Maximum Security (Cherub, #3)",Robert Muchamore,"Muchamore, Robert",,"=""0340884355""","=""9780340884355""",4,4.27,Hodder Children's Books,Paperback,277,2006,2005,,2020/01/04,,,read,,,,1,,,0,,,,,
2025787,"Mad Dogs (Cherub, #8)",Robert Muchamore,"Muchamore, Robert",,"=""0340911719""","=""9780340911716""",4,4.27,Hodder & Stoughton,Paperback,389,2007,2007,,2020/01/04,,,read,,,,1,,,0,,,,,
128659,Histoires inédites du Petit Nicolas Volume 2 Nhóc Nicolas,René Goscinny,"Goscinny, René",Jean-Jacques Sempé,"=""0785940324""","=""9780785940326""",4,4.28,French & European Pubns,Hardcover,372,2005,2006,,2020/01/04,childhood,childhood (#24),read,,,,1,,,0,,,,,
2638786,"The General (Cherub, #10)",Robert Muchamore,"Muchamore, Robert",,"=""0340931841""","=""9780340931844""",5,4.29,Hodder & Stoughton,Paperback,329,2008,2008,,2020/01/04,,,read,,,,1,,,0,,,,,
8435445,"Scorpia Rising (Alex Rider, #9)",Anthony Horowitz,"Horowitz, Anthony",,"=""""","=""""",4,4.29,Philomel Books,Hardcover,416,2011,2011,,2020/01/04,,,read,,,,1,,,0,,,,,
122410,"Asterix and Cleopatra (Asterix, #6)",René Goscinny,"Goscinny, René",Albert Uderzo,"=""0752866079""","=""9780752866079""",4,4.31,Asterix,Paperback,48,2004,1965,,2020/01/04,,,read,,,,1,,,0,,,,,
9413688,"Incendies (Le Sang des promesses, #2)",Wajdi Mouawad,"Mouawad, Wajdi",,"=""2742793127""","=""9782742793129""",4,4.40,Leméac,,170,2011,2003,,2020/01/06,childhood,childhood (#65),read,,,,1,,,0,,,,,
6181,If This Is a Man • The Truce,Primo Levi,"Levi, Primo","Stuart J. Woolf, Paul Bailey","=""0349100136""","=""9780349100135""",5,4.55,Abacus,Paperback,453,1987,1987,,2020/04/06,,,read,,,,1,,,0,,,,,
26359481,Un Hiver Blanc Frisson: L'Hotel Des Quatre Saisons,Paul Thiès,"Thiès, Paul",,"=""2700241037""","=""9782700241037""",4,4.67,Rageot Editeur,ebook,96,2007,2007,,2020/01/04,,,read,,,,1,,,0,,,,,
204180,Bobby Fischer Goes to War: How the Soviets Lost the Most Extraordinary Chess Match of All Time,David Edmonds,"Edmonds, David",John Eidinow,"=""0060510242""","=""9780060510244""",5,3.88,Ecco,Hardcover,368,2004,2003,2021/05/17,2021/02/25,,,read,,,,1,,,0,,,,,
37570546,"Maybe You Should Talk to Someone: A Therapist, Her Therapist, and Our Lives Revealed",Lori Gottlieb,"Gottlieb, Lori",,"=""1328662055""","=""9781328662057""",0,4.37,Houghton Mifflin Harcourt,Hardcover,415,2019,2019,,2021/05/03,currently-reading,currently-reading (#2),currently-reading,,,,1,,,0,,,,,
54968118,"The Code Breaker: Jennifer Doudna, Gene Editing, and the Future of the Human Race",Walter Isaacson,"Isaacson, Walter",,"=""1982115858""","=""9781982115852""",5,4.37,Simon  Schuster,Hardcover,536,2021,2021,2021/04/28,2021/03/20,,,read,,,,1,,,0,,,,,
297764,"The Professor, the Banker, and the Suicide King: Inside the Richest Poker Game of All Time",Michael Craig,"Craig, Michael",,"=""0446694975""","=""9780446694971""",4,3.86,Grand Central Publishing,Paperback,288,2006,2005,2021/03/23,2021/02/02,,,read,,,,1,,,0,,,,,
52754076,Keep Sharp: Build a Better Brain at Any Age,Sanjay Gupta,"Gupta, Sanjay",,"=""""","=""""",4,4.13,Simon  Schuster,Hardcover,336,2020,2021,2021/03/18,2021/03/11,,,read,,,,1,,,0,,,,,
54257458,The Comeback Quotient: A Get-Real Guide to Building Mental Fitness in Sport and Life,Matt Fitzgerald,"Fitzgerald, Matt",,"=""1948007169""","=""9781948007160""",0,4.22,,Paperback,,2020,,,2021/03/10,to-read,to-read (#173),to-read,,,,0,,,0,,,,,
26047703,How Bad Do You Want It?: Mastering the Psychology of Mind Over Muscle,Matt Fitzgerald,"Fitzgerald, Matt",,"=""1937715418""","=""9781937715410""",0,4.12,VeloPress,Paperback,265,2015,2015,,2021/03/10,to-read,to-read (#172),to-read,,,,0,,,0,,,,,
118962,La nuit sera calme,Romain Gary,"Gary, Romain",,"=""2070367193""","=""9782070367191""",0,4.05,Gallimard,Paperback,264,1976,1974,,2021/03/09,to-read,to-read (#171),to-read,,,,0,,,0,,,,,
1393712,Le Joueur d'échecs,Stefan Zweig,"Zweig, Stefan","Brigitte Vergne-Cain, Gérard Rudent","=""""","=""""",5,4.29,Le Livre de Poche,Paperback,128,2013,1942,2021/03/08,2021/03/03,,,read,,,,1,,,0,,,,,
55361205,A Promised Land,Barack Obama,"Obama, Barack",,"=""""","=""""",5,4.40,Crown,Kindle Edition,768,2020,2020,2021/03/04,2020/11/23,,,read,,,,1,,,0,,,,,
38315,Fooled by Randomness: The Hidden Role of Chance in Life and in the Markets,Nassim Nicholas Taleb,"Taleb, Nassim Nicholas",,"=""0812975219""","=""9780812975215""",0,4.07,Random House Trade Paperbacks,Paperback,368,2005,2001,,2021/02/28,to-read,to-read (#170),to-read,,,,0,,,0,,,,,
55539565,Think Again: The Power of Knowing What You Don't Know,Adam M. Grant,"Grant, Adam M.",,"=""""","=""9781984878106""",5,4.30,Viking Books,Hardcover,307,2021,2021,2021/02/24,2021/02/18,,,read,,,,1,,,0,,,,,
9778945,The Shallows: What the Internet Is Doing to Our Brains,Nicholas Carr,"Carr, Nicholas",,"=""0393339750""","=""9780393339758""",0,3.89,W. W. Norton  Company,Paperback,280,2011,2010,,2021/02/23,to-read,to-read (#169),to-read,,,,0,,,0,,,,,
34812393,Les Echecs pour les nuls,James Eade,"Eade, James",Vincent MORET,"=""2754018700""","=""9782754018708""",0,3.81,Editions Générales First,Paperback,,2010,1996,,2021/02/18,currently-reading,currently-reading (#1),currently-reading,,,,1,,,0,,,,,
8034188,Where Good Ideas Come from: The Natural History of Innovation,Steven Johnson,"Johnson, Steven",,"=""1594487715""","=""9781594487712""",0,4.03,Riverhead Books,Hardcover,326,2010,2010,,2021/02/12,to-read,to-read (#168),to-read,,,,0,,,0,,,,,
7641110,Life Is What You Make It: Find Your Own Path to Fulfillment,Peter Buffett,"Buffett, Peter",,"=""0307464717""","=""9780307464712""",0,3.78,Crown Archetype,Hardcover,272,2010,2010,,2021/02/11,to-read,to-read (#167),to-read,,,,0,,,0,,,,,
50772888,No Filter: The Inside Story of Instagram,Sarah Frier,"Frier, Sarah",,"=""1982126809""","=""9781982126803""",5,4.12,Simon & Schuster,Hardcover,352,2020,2020,2021/02/11,2021/02/08,,,read,,,,1,,,0,,,,,
359194,The Lucifer Effect: Understanding How Good People Turn Evil,Philip G. Zimbardo,"Zimbardo, Philip G.",,"=""1400064112""","=""9781400064113""",0,3.91,Random House (NY),Hardcover,551,2007,2007,,2021/02/09,to-read,to-read (#166),to-read,,,,0,,,0,,,,,
37880811,Make Time: How to Focus on What Matters Every Day,Jake Knapp,"Knapp, Jake",John Zeratsky,"=""0525572422""","=""9780525572428""",4,4.08,Currency,Hardcover,287,2018,2018,2021/02/07,2021/01/23,,,read,,,,1,,,0,,,,,
38242135,"AI Superpowers: China, Silicon Valley, and the New World Order",Kai-Fu Lee,"Lee, Kai-Fu",,"=""132854639X""","=""9781328546395""",0,4.15,Houghton Mifflin Harcourt,Hardcover,255,2018,2018,,2021/02/07,to-read,to-read (#165),to-read,,,,0,,,0,,,,,
38412,Fermat's Enigma: The Epic Quest to Solve the World's Greatest Mathematical Problem,Simon Singh,"Singh, Simon",,"=""0385493622""","=""9780385493628""",5,4.27,Anchor,Paperback,315,1998,1997,2021/02/07,2021/02/02,,,read,,,,1,,,0,,,,,
6346975,Moonwalking with Einstein: The Art and Science of Remembering Everything,Joshua Foer,"Foer, Joshua",,"=""159420229X""","=""9781594202292""",0,3.87,"Penguin Press HC, The",Hardcover,307,2011,2011,,2021/02/06,to-read,to-read (#164),to-read,,,,0,,,0,,,,,
20527133,"Superintelligence: Paths, Dangers, Strategies",Nick Bostrom,"Bostrom, Nick",,"=""0199678111""","=""9780199678112""",0,3.87,Oxford University Press,Hardcover,328,2014,2014,,2021/02/04,to-read,to-read (#163),to-read,,,,0,,,0,,,,,
12605872,Designing Data Visualizations: Representing Informational Relationships,Noah Iliinsky,"Iliinsky, Noah",Julie Steele,"=""1449312284""","=""9781449312282""",0,3.22,O'Reilly Media,Paperback,114,2011,2011,,2021/02/04,to-read,to-read (#162),to-read,,,,0,,,0,,,,,
666215,How to Be Alone,Jonathan Franzen,"Franzen, Jonathan",,"=""0312422164""","=""9780312422165""",0,3.59,Picador,Paperback,306,2003,2002,,2021/02/04,to-read,to-read (#161),to-read,,,,0,,,0,,,,,
13425570,How Will You Measure Your Life?,Clayton M. Christensen,"Christensen, Clayton M.","James Allworth, Karen Dillon","=""0062102427""","=""9780062102423""",0,4.07,Harper Business,ebook,240,2012,2012,,2021/02/04,to-read,to-read (#160),to-read,,,,0,,,0,,,,,
101154,Billy Liar / The Loneliness of the Long-Distance Runner,Keith Waterhouse,"Waterhouse, Keith","Alan Sillitoe, David Elloway","=""0582348854""","=""9780582348851""",0,4.00,Longmans,Paperback,264,1987,1966,,2021/02/04,to-read,to-read (#159),to-read,,,,0,,,0,,,,,
48566,A Practical Guide for Policy Analysis: The Eightfold Path to More Effective Problem Solving,Eugene Bardach,"Bardach, Eugene",,"=""1568029233""","=""9781568029238""",0,3.57,CQ Press,Paperback,149,2005,2000,,2021/02/04,to-read,to-read (#158),to-read,,,,0,,,0,,,,,
10431355,Technological Nature: Adaptation and the Future of Human Life,Peter H. Kahn Jr.,"Jr., Peter H. Kahn",,"=""0262113228""","=""9780262113229""",0,3.90,MIT Press,Hardcover,230,2011,2011,,2021/02/04,to-read,to-read (#157),to-read,,,,0,,,0,,,,,
648782,The Educated Mind: How Cognitive Tools Shape Our Understanding,Kieran Egan,"Egan, Kieran",,"=""0226190390""","=""9780226190396""",0,4.18,University of Chicago Press,Paperback,310,1998,1997,,2021/02/04,to-read,to-read (#156),to-read,,,,0,,,0,,,,,
1582891,How to Survive in Your Native Land,James Herndon,"Herndon, James",,"=""0867094087""","=""9780867094084""",0,4.15,Heinemann Educational Books,Paperback,192,1997,1971,,2021/02/04,to-read,to-read (#155),to-read,,,,0,,,0,,,,,
13538873,"Mr. Penumbra's 24-Hour Bookstore (Mr. Penumbra's 24-Hour Bookstore, #1)",Robin Sloan,"Sloan, Robin",,"=""0374214913""","=""9780374214913""",0,3.74,"Farrar, Straus and Giroux",Hardcover,288,2012,2012,,2021/02/04,to-read,to-read (#154),to-read,,,,0,,,0,,,,,
79678,Technopoly: The Surrender of Culture to Technology,Neil Postman,"Postman, Neil",,"=""0679745408""","=""9780679745402""",0,3.92,Vintage,Paperback,222,1993,1992,,2021/02/04,to-read,to-read (#153),to-read,,,,0,,,0,,,,,
1487938,The Pea and the Sun: A Mathematical Paradox,Leonard M. Wapner,"Wapner, Leonard M.",,"=""1568812132""","=""9781568812137""",0,3.90,A K PETERS,Hardcover,232,2005,2005,,2021/02/04,to-read,to-read (#152),to-read,,,,0,,,0,,,,,
544053,"The City in History: Its Origins, Its Transformations, and Its Prospects",Lewis Mumford,"Mumford, Lewis",,"=""0156180359""","=""9780156180351""",0,4.11,Mariner Books,Paperback,784,1968,1961,,2021/02/04,to-read,to-read (#151),to-read,,,,0,,,0,,,,,
30833,The Death and Life of Great American Cities,Jane Jacobs,"Jacobs, Jane",,"=""0375508732""","=""9780375508738""",0,4.31,Random House,Hardcover,472,2002,1961,,2021/02/04,to-read,to-read (#150),to-read,,,,0,,,0,,,,,
13099439,Less and More: The Design Ethos of Dieter Rams,Klaus Klemp,"Klemp, Klaus",Keiko Ueki-polet,"=""3899553977""","=""9783899553970""",0,4.50,Gestalten,Hardcover,808,2011,2011,,2021/02/04,to-read,to-read (#149),to-read,,,,0,,,0,,,,,
415058,My Best Mathematical and Logic Puzzles,Martin Gardner,"Gardner, Martin",,"=""0486281523""","=""9780486281520""",0,4.13,Dover Publications,Paperback,96,1994,1994,,2021/02/04,to-read,to-read (#148),to-read,,,,0,,,0,,,,,
74787,The Mind-Body Problem,Rebecca Goldstein,"Goldstein, Rebecca",,"=""0140172459""","=""9780140172454""",0,3.79,Penguin Books,Paperback,288,1993,1983,,2021/02/04,to-read,to-read (#147),to-read,,,,0,,,0,,,,,
51287,Incompleteness: The Proof and Paradox of Kurt Gödel (Great Discoveries),Rebecca Goldstein,"Goldstein, Rebecca",,"=""0393327604""","=""9780393327601""",0,4.00,W. W. Norton  Company,Paperback,224,2006,2005,,2021/02/04,to-read,to-read (#146),to-read,,,,0,,,0,,,,,
18050049,Plato at the Googleplex: Why Philosophy Won't Go Away,Rebecca Goldstein,"Goldstein, Rebecca",,"=""0307378195""","=""9780307378194""",0,3.86,Pantheon,Hardcover,461,2014,2014,,2021/02/04,to-read,to-read (#145),to-read,,,,0,,,0,,,,,
52562750,The Art of Possibility,Benjamin Zander,"Zander, Benjamin",,"=""9869783694""","=""9789869783699""",0,0.0,Jing Ji Xin Chao She,Paperback,,2019,,,2021/02/04,to-read,to-read (#144),to-read,,,,0,,,0,,,,,
17841,Foucault's Pendulum,Umberto Eco,"Eco, Umberto",William Weaver,"=""015603297X""","=""9780156032971""",0,3.90,Mariner Books,Paperback,623,2007,1988,,2021/02/04,to-read,to-read (#143),to-read,,,,0,,,0,,,,,
17332335,The Kraus Project: Essays by Karl Kraus,Jonathan Franzen,"Franzen, Jonathan",Karl Kraus,"=""0374182213""","=""9780374182212""",0,3.37,"Farrar, Straus and Giroux",Hardcover,336,2013,2013,,2021/02/04,to-read,to-read (#142),to-read,,,,0,,,0,,,,,
27209431,The Inevitable: Understanding the 12 Technological Forces That Will Shape Our Future,Kevin Kelly,"Kelly, Kevin",,"=""""","=""""",0,3.93,Viking,Hardcover,336,2016,2016,,2021/02/04,to-read,to-read (#141),to-read,,,,0,,,0,,,,,
676950,An Introduction to Political Philosophy: Ten Essays by Leo Strauss (Revised),Leo Strauss,"Strauss, Leo",Hilail Gildin,"=""0814319025""","=""9780814319024""",0,4.26,Wayne State University Press,Paperback,368,1989,1989,,2021/02/04,to-read,to-read (#140),to-read,,,,0,,,0,,,,,
1979200,Libraries of the Future,J.C.R. Licklider,"Licklider, J.C.R.",,"=""026212016X""","=""9780262120166""",0,4.42,MIT Press,Hardcover,219,1965,1965,,2021/02/04,to-read,to-read (#139),to-read,,,,0,,,0,,,,,
41795733,Range: Why Generalists Triumph in a Specialized World,David   Epstein,"Epstein, David",,"=""0735214484""","=""9780735214484""",4,4.16,Riverhead Books,Hardcover,352,2019,2019,2021/02/04,2021/01/28,,,read,,,,1,,,0,,,,,
3828902,Thinking in Systems: A Primer,Donella H. Meadows,"Meadows, Donella H.",Diana       Wright,"=""1603580557""","=""9781603580557""",0,4.26,Chelsea Green Publishing,Paperback,240,2008,2008,,2021/02/04,to-read,to-read (#138),to-read,,,,0,,,0,,,,,
54898389,The Almanack of Naval Ravikant: A Guide to Wealth and Happiness,Eric Jorgenson,"Jorgenson, Eric",,"=""""","=""9781544514208""",0,4.61,Magrathea Publishing,ebook,244,2020,2020,,2021/02/02,to-read,to-read (#137),to-read,,,,0,,,0,,,,,
48890486,Breath: The New Science of a Lost Art,James Nestor,"Nestor, James",,"=""0735213615""","=""9780735213616""",0,4.15,Riverhead Books,Hardcover,214,2020,2020,,2021/02/02,to-read,to-read (#136),to-read,,,,0,,,0,,,,,
51175752,A Monk's Guide to Happiness: Meditation in the 21st Century,Gelong Thubten,"Thubten, Gelong",,"=""1250266823""","=""9781250266828""",0,4.24,St. Martin's Essentials,Hardcover,256,2020,2019,,2021/02/02,to-read,to-read (#135),to-read,,,,0,,,0,,,,,
1052,The Richest Man in Babylon,George S. Clason,"Clason, George S.",,"=""0451205367""","=""9780451205360""",0,4.26,Berkley Books,Paperback,194,2008,1926,,2021/02/02,to-read,to-read (#134),to-read,,,,0,,,0,,,,,
30659,Meditations,Marcus Aurelius,"Aurelius, Marcus","Martin Hammond, Albert Wittstock, عادل مصطفى, Simone Mooij-Valk, Diskin Clay","=""0140449337""","=""9780140449334""",0,4.22,Penguin Books,Paperback,303,2006,180,,2021/02/02,to-read,to-read (#133),to-read,,,,0,,,0,,,,,
142957,Adult Children of Alcoholics,Janet Geringer Woititz,"Woititz, Janet Geringer",,"=""1558741127""","=""9781558741126""",0,4.17,Health Communications Inc,Paperback,240,1990,1983,,2021/02/02,to-read,to-read (#132),to-read,,,,0,,,0,,,,,
52200318,"The Great Mental Models, Volume 2: Physics, Chemistry and Biology",Shane Parrish,"Parrish, Shane",Rhiannon Beaubien,"=""1999449037""","=""9781999449032""",0,4.22,Latticework Publishing Inc.,Hardcover,397,2020,2019,,2021/02/02,to-read,to-read (#131),to-read,,,,0,,,0,,,,,
44245196,The Great Mental Models: General Thinking Concepts,Shane Parrish,"Parrish, Shane",Rhiannon Beaubien,"=""""","=""""",0,4.08,Latticework Publishing Inc.,Kindle Edition,216,2019,2018,,2021/02/02,to-read,to-read (#130),to-read,,,,0,,,0,,,,,
48930266,Seven and a Half Lessons About the Brain,Lisa Feldman Barrett,"Barrett, Lisa Feldman",,"=""0358157145""","=""9780358157144""",0,4.10,Houghton Mifflin Harcourt,Hardcover,192,2020,2020,,2021/02/02,to-read,to-read (#129),to-read,,,,0,,,0,,,,,
42266454,But I'm Not An Expert!: Go from newbie to expert and radically skyrocket your influence without feeling like a fraud,Meera Kothand,"Kothand, Meera",,"=""""","=""""",3,4.02,,Kindle Edition,178,2018,,2021/02/02,2020/01/19,,,read,,,,1,,,0,,,,,
40180021,Naked Economics: Undressing the Dismal Science,Charles Wheelan,"Wheelan, Charles",,"=""0393356493""","=""9780393356496""",0,4.04,W. W. Norton  Company,Paperback,400,2019,2002,,2021/02/01,to-read,to-read (#128),to-read,,,,0,,,0,,,,,
2272880,The Drunkard's Walk: How Randomness Rules Our Lives,Leonard Mlodinow,"Mlodinow, Leonard",,"=""0375424040""","=""9780375424045""",0,3.93,Pantheon Books,Hardcover,252,2008,2008,,2021/02/01,to-read,to-read (#127),to-read,,,,0,,,0,,,,,
25242087,Social Class in the 21st Century,Mike Savage,"Savage, Mike",,"=""0241004225""","=""9780241004227""",0,4.01,Pelican,Paperback,462,2015,2015,,2021/02/01,to-read,to-read (#126),to-read,,,,0,,,0,,,,,
53424992,The 5am Club,Robin S. Sharma,"Sharma, Robin S.",,"=""""","=""""",4,3.81,,Paperback,314,,2018,2021/01/25,2021/01/17,,,read,,,,1,,,0,,,,,
22571552,So You've Been Publicly Shamed,Jon Ronson,"Ronson, Jon",,"=""1594487138""","=""9781594487132""",0,3.93,Riverhead Books,Hardcover,290,2015,2015,,2021/01/25,to-read,to-read (#125),to-read,,,,0,,,0,,,,,
29214420,Doughnut Economics: Seven Ways to Think Like a 21st-Century Economist,Kate Raworth,"Raworth, Kate",,"=""1847941389""","=""9781847941381""",0,4.21,Random House Business,Paperback,384,2017,2017,,2021/01/25,to-read,to-read (#124),to-read,,,,0,,,0,,,,,
48889983,Calling Bullshit: The Art of Skepticism in a Data-Driven World,Carl T. Bergstrom,"Bergstrom, Carl T.",Jevin West,"=""0525509186""","=""9780525509189""",0,4.16,Random House,Hardcover,336,2020,2020,,2021/01/25,to-read,to-read (#123),to-read,,,,0,,,0,,,,,
40983494,The Problem of Democracy: The Presidents Adams Confront the Cult of Personality,Nancy Isenberg,"Isenberg, Nancy",Andrew Burstein,"=""0525557504""","=""9780525557500""",0,4.01,Viking,Hardcover,576,2019,2019,,2021/01/25,to-read,to-read (#122),to-read,,,,0,,,0,,,,,
13588394,The Signal and the Noise: Why So Many Predictions Fail—But Some Don't,Nate Silver,"Silver, Nate",,"=""159420411X""","=""9781594204111""",4,3.97,Penguin,Hardcover,534,2012,2012,2021/01/19,2020/02/25,,,read,,,,1,,,0,,,,,
25744928,Deep Work: Rules for Focused Success in a Distracted World,Cal Newport,"Newport, Cal",ناهید ملکی,"=""1455586692""","=""9781455586691""",0,4.19,Grand Central Publishing,Hardcover,296,2016,2016,,2021/01/17,to-read,to-read (#121),to-read,,,,0,,,0,,,,,
18077875,Essentialism: The Disciplined Pursuit of Less,Greg McKeown,"McKeown, Greg",,"=""0804137382""","=""9780804137386""",0,4.03,Crown Business,Hardcover,260,2014,2011,,2021/01/17,to-read,to-read (#120),to-read,,,,0,,,0,,,,,
16256798,The One Thing: The Surprisingly Simple Truth Behind Extraordinary Results,Gary Keller,"Keller, Gary",Jay Papasan,"=""1885167776""","=""9781885167774""",0,4.10,Bard Press (TX),Hardcover,240,2013,2013,,2021/01/17,to-read,to-read (#119),to-read,,,,0,,,0,,,,,
95887,Eat That Frog!: 21 Great Ways to Stop Procrastinating and Get More Done in Less Time,Brian Tracy,"Tracy, Brian",,"=""1576754227""","=""9781576754221""",0,3.87,Berrett-Koehler Publishers,Paperback,128,2007,2001,,2021/01/17,to-read,to-read (#118),to-read,,,,0,,,0,,,,,
44526017,Narrative Economics: How Stories Go Viral and Drive Major Economic Events,Robert J. Shiller,"Shiller, Robert J.",,"=""0691182299""","=""9780691182292""",3,3.61,Princeton University Press,Hardcover,400,2019,2019,,2021/01/16,,,read,,,,1,,,0,,,,,
51780145,How Spies Think: Ten Lessons in Intelligence,David Omand,"Omand, David",,"=""0241385180""","=""9780241385180""",0,3.86,Viking,Hardcover,344,2020,,,2021/01/16,to-read,to-read (#117),to-read,,,,0,,,0,,,,,
51419710,The Politics Industry: How Political Innovation Can Break Partisan Gridlock and Save Our Democracy,Katherine M. Gehl,"Gehl, Katherine M.",Michael E. Porter,"=""1633699234""","=""9781633699236""",5,4.39,Harvard Business Review Press,Hardcover,256,2020,,2021/01/14,2021/01/06,,,read,,,,1,,,0,,,,,
2165,The Old Man and the Sea,Ernest Hemingway,"Hemingway, Ernest",,"=""0684830493""","=""9780684830490""",3,3.79,Scribner,Hardcover,96,1996,1952,2021/01/05,2020/01/04,,,read,,,,1,,,0,,,,,
7862029,Winning Arguments: From Aristotle to Obama - Everything You Need to Know About the Art of Persuasion,Jay Heinrichs,"Heinrichs, Jay",,"=""0141032588""","=""9780141032580""",4,3.74,Penguin,Paperback,326,2010,2007,,2020/01/06,,,read,,,,1,,,0,,,,,
54111936,War: How Conflict Shaped Us,Margaret MacMillan,"MacMillan, Margaret",,"=""""","=""""",0,3.57,,Kindle Edition,,2020,,,2020/11/23,to-read,to-read (#116),to-read,,,,0,,,0,,,,,
4631,A Moveable Feast,Ernest Hemingway,"Hemingway, Ernest",,"=""""","=""""",4,4.02,Vintage,Paperback,192,2012,1964,2020/11/06,2020/05/07,,,read,,,,1,,,0,,,,,
320,One Hundred Years of Solitude,Gabriel García Márquez,"Márquez, Gabriel García","Gregory Rabassa, Seçkin Selvi","=""""","=""""",5,4.09,Harper,Mass Market Paperback,417,2003,1967,2020/07/17,2020/01/04,,,read,,,,1,,,0,,,,,
52579179,Open Democracy: Reinventing Popular Rule for the Twenty-First Century,Hélène Landemore,"Landemore, Hélène",,"=""0691181993""","=""9780691181998""",0,4.27,Princeton University Press,Hardcover,272,2020,,,2020/10/26,to-read,to-read (#115),to-read,,,,0,,,0,,,,,
41717504,This Is Not Propaganda: Adventures in the War Against Reality,Peter Pomerantsev,"Pomerantsev, Peter",,"=""1541762118""","=""9781541762114""",0,4.07,PublicAffairs,Hardcover,236,2019,2019,,2020/10/26,to-read,to-read (#114),to-read,,,,0,,,0,,,,,
3304,"City of the Beasts (Eagle and Jaguar, #1)",Isabel Allende,"Allende, Isabel",Margaret Sayers Peden,"=""0060535032""","=""9780060535032""",0,3.72,Rayo,Paperback,408,2004,2002,,2020/10/12,to-read,to-read (#113),to-read,,,,0,,,0,,,,,
46264145,The Kids Are All Left,David Faris,"Faris, David",,"=""""","=""""",4,3.79,Melville House,Kindle Edition,,2020,2020,2020/10/12,2020/10/12,,,read,,,,1,,,0,,,,,
15721502,L'Art d'ignorer les pauvres,John Kenneth Galbraith,"Galbraith, John Kenneth","Laurent Cordonnier, Jonathan Swift, Serge Halimi","=""291859735X""","=""9782918597353""",5,4.17,Les liens qui libèrent,Paperback,70,2011,2011,2020/10/11,2020/10/11,,,read,,,,1,,,0,,,,,
30032468,Good Authority: How to Become the Leader Your Team Is Waiting for,Jonathan Raymond,"Raymond, Jonathan",,"=""1940858194""","=""9781940858197""",0,4.08,Ideapress Publishing,Hardcover,225,2016,,,2020/10/05,to-read,to-read (#112),to-read,,,,0,,,0,,,,,
7865083,Liar's Poker,Michael   Lewis,"Lewis, Michael",,"=""039333869X""","=""9780393338690""",5,4.15,W. W. Norton  Company,Paperback,310,2010,1989,2020/09/04,2020/08/25,,,read,,,,1,,,0,,,,,
618540,Fortune carrée,Joseph Kessel,"Kessel, Joseph",,"=""2266128809""","=""9782266128803""",4,4.16,Pocket,Mass Market Paperback,320,2002,1932,,2020/09/02,,,read,,,,1,,,0,,,,,
44310210,Epidemics and Society: From the Black Death to the Present,Frank M. Snowden III,"III, Frank M. Snowden",,"=""0300192215""","=""9780300192216""",3,4.43,Yale University Press,Hardcover,600,2019,2019,2020/09/01,2020/05/21,,,read,,,,1,,,0,,,,,
33545660,Une mort très douce,Simone de Beauvoir,"Beauvoir, Simone de",,"=""""","=""""",0,4.00,Gallimard,Paperback,152,,1964,,2020/09/01,to-read,to-read (#111),to-read,,,,0,,,0,,,,,
896825,Nouvelles et textes pour rien,Samuel Beckett,"Beckett, Samuel",,"=""2707300101""","=""9782707300102""",0,4.09,Editions de Minuit,Paperback,210,1955,1955,,2020/09/01,to-read,to-read (#110),to-read,,,,0,,,0,,,,,
932228,Jokes and Their Relation to the Unconscious,Sigmund Freud,"Freud, Sigmund","James Strachey, Peter Gay","=""0393001458""","=""9780393001457""",0,3.71,W. W. Norton and Company,Paperback,368,1963,1905,,2020/09/01,to-read,to-read (#109),to-read,,,,0,,,0,,,,,
277678,La lenteur,Milan Kundera,"Kundera, Milan",,"=""2070402738""","=""9782070402731""",3,3.65,Gallimard Education,Paperback,196,1997,1995,2020/08/20,2020/08/20,,,read,,,,1,,,0,,,,,
16634,The Glass Bead Game,Hermann Hesse,"Hesse, Hermann","Richard Winston, Clara Winston, Theodore Ziolkowski","=""0312278497""","=""9780312278496""",5,4.12,Picador,Paperback,578,2002,1943,,2020/05/07,,,read,,,,1,,,0,,,,,
2257151,Les mangeurs d'étoiles,Romain Gary,"Gary, Romain",,"=""207037257X""","=""9782070372577""",0,3.86,Gallimard Education,Mass Market Paperback,440,1981,,,2020/08/07,to-read,to-read (#108),to-read,,,,0,,,0,,,,,
676723,Obedience to Authority,Stanley Milgram,"Milgram, Stanley",,"=""006131983X""","=""9780061319839""",0,4.20,Harper Perennial,Paperback,256,1983,1974,,2020/08/07,to-read,to-read (#107),to-read,,,,0,,,0,,,,,
9644,Why I Write,George Orwell,"Orwell, George",,"=""0143036351""","=""9780143036357""",0,4.03,Penguin Group,Paperback,120,2005,2004,,2020/08/07,to-read,to-read (#106),to-read,,,,0,,,0,,,,,
18414,Utopia,Thomas More,"More, Thomas",Paul Turner,"=""0140449108""","=""9780140449105""",4,3.55,Penguin Classics,Paperback,163,2003,1516,2020/08/07,2020/08/03,,,read,,,,1,,,0,,,,,
1080126,L'ignorance,Milan Kundera,"Kundera, Milan",,"=""2070306100""","=""9782070306107""",4,3.78,,Paperback,240,2005,2000,2020/07/30,2020/07/30,,,read,,,,1,,,0,,,,,
208653,Océan Mer,Alessandro Baricco,"Baricco, Alessandro",Françoise Brun,"=""2070419584""","=""9782070419586""",0,4.10,Gallimard,Paperback,282,2002,1993,,2020/07/26,to-read,to-read (#105),to-read,,,,0,,,0,,,,,
925368,Travels With Myself and Another,Martha Gellhorn,"Gellhorn, Martha",,"=""1585420905""","=""9781585420902""",0,3.83,Tarcherperigee,Paperback,294,2012,1979,,2020/07/26,to-read,to-read (#104),to-read,,,,0,,,0,,,,,
435591,Le Livre de ma mère,Albert Cohen,"Cohen, Albert",,"=""2070393569""","=""9782070393565""",5,3.87,Folio,Mass Market Paperback,203,1995,1954,2020/07/26,2020/07/11,,,read,,,,1,,,0,,,,,
873993,The Trusted Advisor,David H. Maister,"Maister, David H.","Charles H. Green, Robert M. Galford","=""""","=""""",3,3.86,Free Press,Paperback,256,2001,1998,2020/07/19,2020/01/19,,,read,,,,1,,,0,,,,,
25964933,D'après une histoire vraie,Delphine de Vigan,"Vigan, Delphine de",,"=""2709648520""","=""9782709648523""",0,3.89,JC Lattès,Paperback,479,2015,2015,,2020/07/11,to-read,to-read (#103),to-read,,,,0,,,0,,,,,
4069,Man's Search for Meaning,Viktor E. Frankl,"Frankl, Viktor E.","Harold S. Kushner, William J. Winslade, Isle Lasch","=""080701429X""","=""9780807014295""",5,4.35,Beacon Press,Paperback,165,2006,1946,2020/07/06,2020/01/19,,,read,,,,1,,,0,,,,,
28379080,Je dirai malgré tout que cette vie fut belle,Jean d'Ormesson,"d'Ormesson, Jean",,"=""""","=""""",0,3.85,Editions Gallimard,Kindle Edition,442,2016,,,2020/07/05,to-read,to-read (#102),to-read,,,,0,,,0,,,,,
36584218,White Privilege: The Myth of a Post-Racial Society,Kalwant Bhopal,"Bhopal, Kalwant",,"=""144733597X""","=""9781447335979""",0,3.61,Policy Press,Paperback,176,2018,2018,,2020/07/03,to-read,to-read (#101),to-read,,,,0,,,0,,,,,
1019793,Cent ans de solitude,Gabriel García Márquez,"Márquez, Gabriel García","Claude Durand, Carmen Durand","=""""","=""""",5,4.09,Points,Mass Market Paperback,460,2008,1967,2020/07/03,2020/05/27,,,read,,,,1,,,0,,,,,
50523309,Vol de nuit,Antoine de Saint-Exupéry,"Saint-Exupéry, Antoine de",,"=""""","=""""",4,3.81,,Kindle Edition,77,2020,1931,2020/03/12,2020/03/12,,,read,,,,2,,,0,,,,,
31423245,How to Be a Stoic: Using Ancient Philosophy to Live a Modern Life,Massimo Pigliucci,"Pigliucci, Massimo",,"=""0465097952""","=""9780465097951""",0,4.03,Basic Books,Hardcover,288,2017,2017,,2020/06/22,to-read,to-read (#100),to-read,,,,0,,,0,,,,,
20604826,Flash Boys: A Wall Street Revolt,Michael   Lewis,"Lewis, Michael",,"=""0393244660""","=""9780393244663""",0,4.14,W. W. Norton  Company,Hardcover,288,2014,2014,,2020/06/22,to-read,to-read (#99),to-read,,,,0,,,0,,,,,
25658482,"At the Existentialist Café: Freedom, Being, and Apricot Cocktails",Sarah Bakewell,"Bakewell, Sarah",,"=""0701186585""","=""9780701186586""",0,4.24,Chatto & Windus,Hardcover,440,2016,2016,,2020/06/22,to-read,to-read (#98),to-read,,,,0,,,0,,,,,
66354,Flow: The Psychology of Optimal Experience,Mihaly Csikszentmihalyi,"Csikszentmihalyi, Mihaly",,"=""0060920432""","=""9780060920432""",0,4.09,Harper Perennial,Paperback,303,1990,1990,,2020/06/22,to-read,to-read (#97),to-read,,,,0,,,0,,,,,
6708,The Power of Now: A Guide to Spiritual Enlightenment,Eckhart Tolle,"Tolle, Eckhart",,"=""1577314808""","=""9781577314806""",5,4.13,New World Library,Paperback,229,2004,1997,2020/06/21,2020/06/21,,,read,,,,1,,,0,,,,,
37793,A Doll's House,Henrik Ibsen,"Ibsen, Henrik","T. Weber, Michael   Meyer","=""1406914835""","=""9781406914832""",0,3.74,Hard Press,Paperback,122,2007,1879,,2020/05/27,to-read,to-read (#96),to-read,,,,0,,,0,,,,,
17250,The Crucible,Arthur  Miller,"Miller, Arthur",Christopher Bigsby,"=""0142437336""","=""9780142437339""",0,3.59,Penguin Books,Paperback,143,2003,1953,,2020/05/27,to-read,to-read (#95),to-read,,,,0,,,0,,,,,
92303,The Importance of Being Earnest,Oscar Wilde,"Wilde, Oscar",,"=""158049580X""","=""9781580495806""",0,4.18,Prestwick House,Paperback,76,2005,1895,,2020/05/27,to-read,to-read (#94),to-read,,,,0,,,0,,,,,
51014619,Good Economics for Hard Times: Better Answers to Our Biggest Problems,Abhijit V. Banerjee,"Banerjee, Abhijit V.",Esther Duflo,"=""""","=""""",0,4.27,PublicAffairs,Kindle Edition,417,2019,2019,,2020/05/26,to-read,to-read (#93),to-read,,,,0,,,0,,,,,
44525305,The Ride of a Lifetime: Lessons Learned from 15 Years as CEO of the Walt Disney Company,Robert Iger,"Iger, Robert",Joel Lovell,"=""""","=""""",0,4.40,Random House,Hardcover,272,2019,2019,,2020/05/26,to-read,to-read (#92),to-read,,,,0,,,0,,,,,
49628,Cloud Atlas,David Mitchell,"Mitchell, David",,"=""0375507256""","=""9780375507250""",0,4.00,Random House,Paperback,509,2004,2004,,2020/05/26,to-read,to-read (#91),to-read,,,,0,,,0,,,,,
70401,On the Road,Jack Kerouac,"Kerouac, Jack",,"=""0140042598""","=""9780140042597""",0,3.62,Penguin Books,Paperback,307,1976,1955,,2020/05/26,to-read,to-read (#90),to-read,,,,0,,,0,,,,,
1099962,Feet in the Clouds: A Tale of Fell-Running and Obsession,Richard Askwith,"Askwith, Richard",,"=""1845130820""","=""9781845130824""",0,4.14,Aurum Press,Paperback,352,2005,2004,,2020/05/26,to-read,to-read (#89),to-read,,,,0,,,0,,,,,
19501,"Eat, Pray, Love",Elizabeth Gilbert,"Gilbert, Elizabeth",,"=""0143038419""","=""9780143038412""",0,3.58,Riverhead Books,Paperback,368,2007,2006,,2020/05/26,to-read,to-read (#88),to-read,,,,0,,,0,,,,,
2978537,Le Crève-coeur - Le nouveau Crève-coeur,Louis Aragon,"Aragon, Louis",,"=""2070321894""","=""9782070321896""",4,4.13,Gallimard,Paperback,187,1980,1980,2020/05/24,2020/05/15,,,read,,,,1,,,0,,,,,
139069,Endurance: Shackleton's Incredible Voyage,Alfred Lansing,"Lansing, Alfred",,"=""078670621X""","=""9780786706211""",0,4.37,Carroll & Graf Publishers,Hardcover,282,1959,1959,,2020/05/21,to-read,to-read (#87),to-read,,,,0,,,0,,,,,
12580483,Ethnic Identity and Development: Khat and Social Change in Africa,Susan Beckerleg,"Beckerleg, Susan",,"=""0230623107""","=""9780230623101""",3,3.00,Palgrave Macmillan,Hardcover,222,2010,2010,2020/05/16,2020/05/15,,,read,,,,1,,,0,,,,,
361459,An Unquiet Mind: A Memoir of Moods and Madness,Kay Redfield Jamison,"Jamison, Kay Redfield",,"=""0679763309""","=""9780679763307""",0,4.02,Vintage,Paperback,223,1996,1995,,2020/05/08,to-read,to-read (#86),to-read,,,,0,,,0,,,,,
111734,The Iceman Cometh,Eugene O'Neill,"O'Neill, Eugene",Harold Bloom,"=""0300117434""","=""9780300117431""",0,3.92,Yale University Press,Paperback,236,2006,1946,,2020/05/07,to-read,to-read (#85),to-read,,,,0,,,0,,,,,
12113,Six Characters in Search of an Author and Other Plays,Luigi Pirandello,"Pirandello, Luigi",Mark Musa,"=""014018922X""","=""9780140189223""",4,3.94,Penguin Classics,Paperback,224,1995,1921,,2020/05/07,,,read,,,,1,,,0,,,,,
111151,The Love of a Good Woman,Alice Munro,"Munro, Alice",,"=""0099287862""","=""9780099287865""",0,4.03,,Paperback,352,2000,1998,,2020/05/07,to-read,to-read (#84),to-read,,,,0,,,0,,,,,
5219,The Bluest Eye,Toni Morrison,"Morrison, Toni",,"=""0452282195""","=""9780452282193""",0,4.08,Plume Books,Paperback,216,2000,1970,,2020/05/07,to-read,to-read (#83),to-read,,,,0,,,0,,,,,
12890,Barabbas,Pär Lagerkvist,"Lagerkvist, Pär","Alan Blair, Lucien Maury, André Gide","=""""","=""9780679725442""",0,3.84,Vintage,Paperback,144,1989,1950,,2020/05/07,to-read,to-read (#82),to-read,,,,0,,,0,,,,,
14027,Thousand Cranes,Yasunari Kawabata,"Kawabata, Yasunari",Edward G. Seidensticker,"=""0679762655""","=""9780679762652""",0,3.75,Vintage,Paperback,147,1996,1952,,2020/05/07,to-read,to-read (#81),to-read,,,,0,,,0,,,,,
823494,Long Day's Journey Into Night,Eugene O'Neill,"O'Neill, Eugene",,"=""0224610732""","=""9780224610735""",0,4.06,Jonathan Cape,Paperback,160,1956,1956,,2020/05/07,to-read,to-read (#80),to-read,,,,0,,,0,,,,,
34080,The Waste Land,T.S. Eliot,"Eliot, T.S.",Michael North,"=""0393974995""","=""9780393974997""",0,4.09,W.W. Norton & Company,Paperback,320,2000,1922,,2020/05/07,to-read,to-read (#79),to-read,,,,0,,,0,,,,,
69880,The Lost Honor of Katharina Blum,Heinrich Böll,"Böll, Heinrich",Leila Vennewitz,"=""0140187286""","=""9780140187281""",0,3.69,Penguin Classics,Paperback,140,1994,1974,,2020/05/07,to-read,to-read (#78),to-read,,,,0,,,0,,,,,
5931,The Essential Neruda: Selected Poems,Pablo Neruda,"Neruda, Pablo","Mark Eisner, Lawrence Ferlinghetti, Robert Hass, Alastair Reid, Forrest Gander, Jack Hirschman, Stephen Kessler, John Felstiner","=""0872864286""","=""9780872864283""",0,4.46,City Lights Publishers,Paperback,200,2004,1979,,2020/05/07,to-read,to-read (#77),to-read,,,,0,,,0,,,,,
373755,"Absalom, Absalom!",William Faulkner,"Faulkner, William",,"=""0679732187""","=""9780679732181""",0,3.97,Vintage,Paperback,316,1990,1936,,2020/05/07,to-read,to-read (#76),to-read,,,,0,,,0,,,,,
11987,The Myth of Sisyphus and Other Essays,Albert Camus,"Camus, Albert",Justin O'Brien,"=""""","=""""",0,4.21,Vintage International,Paperback,212,1991,1942,,2020/05/07,to-read,to-read (#75),to-read,,,,0,,,0,,,,,
4799,Cannery Row (Cannery Row #1),John Steinbeck,"Steinbeck, John",,"=""014200068X""","=""9780142000687""",0,4.04,Penguin Books,Paperback,181,2002,1945,,2020/05/07,to-read,to-read (#74),to-read,,,,0,,,0,,,,,
123933,No Exit,Jean-Paul Sartre,"Sartre, Jean-Paul",,"=""0573613052""","=""9780573613050""",5,4.13,"Samuel French, Inc.",Paperback,60,2010,1947,,2020/05/07,,,read,,,,1,,,0,,,,,
17125,One Day in the Life of Ivan Denisovich,Aleksandr Solzhenitsyn,"Solzhenitsyn, Aleksandr",H.T. Willetts,"=""""","=""""",0,3.96,"Farrar, Straus and Giroux",Paperback,182,2005,1962,,2020/05/07,to-read,to-read (#73),to-read,,,,0,,,0,,,,,
7714,Pygmalion,George Bernard Shaw,"Shaw, George Bernard",,"=""0486282228""","=""9780486282220""",0,3.90,Dover Publications,Paperback,82,1994,1913,,2020/05/07,to-read,to-read (#72),to-read,,,,0,,,0,,,,,
88077,The Magic Mountain,Thomas Mann,"Mann, Thomas",John E. Woods,"=""0679772871""","=""9780679772873""",0,4.09,Vintage,Paperback,706,1996,1924,,2020/05/07,to-read,to-read (#71),to-read,,,,0,,,0,,,,,
7624,Lord of the Flies,William Golding,"Golding, William",,"=""0140283331""","=""9780140283334""",0,3.69,Penguin Books ,Paperback,182,1999,1954,,2020/05/07,to-read,to-read (#70),to-read,,,,0,,,0,,,,,
32585,Hunger,Knut Hamsun,"Hamsun, Knut","George Egerton, Viki Kärkkäinen","=""0486431681""","=""9780486431680""",0,4.05,Dover Publications,Paperback,134,2003,1890,,2020/05/07,to-read,to-read (#69),to-read,,,,0,,,0,,,,,
6149,"Beloved (Beloved Trilogy, #1)",Toni Morrison,"Morrison, Toni",,"=""1400033411""","=""9781400033416""",0,3.89,Vintage,Paperback,324,2004,1987,,2020/05/07,to-read,to-read (#68),to-read,,,,0,,,0,,,,,
6192,Disgrace,J.M. Coetzee,"Coetzee, J.M.",,"=""0143036378""","=""9780143036371""",0,3.84,Penguin Books,Paperback,220,2005,1999,,2020/05/07,to-read,to-read (#67),to-read,,,,0,,,0,,,,,
40495148,"Blindness (Blindness, #1)",José Saramago,"Saramago, José",Giovanni Pontiero,"=""""","=""""",0,4.14,Mariner Books,Kindle Edition,349,2013,1995,,2020/05/07,to-read,to-read (#66),to-read,,,,0,,,0,,,,,
25191,A Personal Matter,Kenzaburō Ōe,"Ōe, Kenzaburō",John Nathan,"=""0802150616""","=""9780802150615""",0,3.89,Grove Press,Paperback,165,1994,1964,,2020/05/07,to-read,to-read (#65),to-read,,,,0,,,0,,,,,
52036,Siddhartha,Hermann Hesse,"Hesse, Hermann",Hilda Rosner,"=""""","=""""",5,4.04,Bantam Books,Mass Market Paperback,152,1981,1922,2020/05/07,2020/04/06,,,read,,,,1,,,0,,,,,
51458681,The Strange Case of Donald J. Trump: A Psychological Reckoning,Dan P. McAdams,"McAdams, Dan P.",,"=""""","=""""",4,4.21,Oxford University Press,Kindle Edition,315,2020,,,2020/05/06,,,read,,,,1,,,0,,,,,
375802,"Ender's Game (Ender's Saga, #1)",Orson Scott Card,"Card, Orson Scott",,"=""0812550706""","=""9780812550702""",0,4.30,Tor,Mass Market Paperback,324,2004,1985,,2020/05/04,to-read,to-read (#64),to-read,,,,0,,,0,,,,,
31548,Of Human Bondage,W. Somerset Maugham,"Maugham, W. Somerset","Benjamin DeMott, Maeve Binchy","=""0451530179""","=""9780451530172""",0,4.10,Signet,Paperback,684,2007,1915,,2020/05/04,to-read,to-read (#63),to-read,,,,0,,,0,,,,,
14891,A Tree Grows in Brooklyn,Betty  Smith,"Smith, Betty",,"=""0061120073""","=""9780061120077""",0,4.27,HarperCollins Publishers,Paperback,496,2006,1943,,2020/05/04,to-read,to-read (#62),to-read,,,,0,,,0,,,,,
6514,The Bell Jar,Sylvia Plath,"Plath, Sylvia",,"=""""","=""""",0,4.02,Harper Perennial Modern Classics,Paperback,294,2006,1963,,2020/05/04,to-read,to-read (#61),to-read,,,,0,,,0,,,,,
7588,A Portrait of the Artist as a Young Man,James Joyce,"Joyce, James","Seamus Deane, Hans Walter Gabler, Jeri Johnson, J.M. Gaffney","=""0142437344""","=""9780142437346""",0,3.62,Penguin Classics,Paperback,329,2003,1916,,2020/05/04,to-read,to-read (#60),to-read,,,,0,,,0,,,,,
1390896,"Being Geniuses Together, 1920 1930",Robert McAlmon,"McAlmon, Robert",Kay Boyle,"=""0701205636""","=""9780701205638""",0,3.82,Hogarth Press,Paperback,370,,1938,,2020/05/04,to-read,to-read (#59),to-read,,,,0,,,0,,,,,
578383,The Fruit Palace,Charles Nicholl,"Nicholl, Charles",,"=""0099274043""","=""9780099274049""",0,3.90,Vintage,Paperback,336,1998,1985,,2020/04/27,to-read,to-read (#58),to-read,,,,0,,,0,,,,,
38462,Giovanni's Room,James Baldwin,"Baldwin, James",,"=""0141186356""","=""9780141186351""",0,4.24,Penguin,Paperback,170,2000,1956,,2020/04/27,to-read,to-read (#57),to-read,,,,0,,,0,,,,,
4891709,Caligula: A Biography,Aloys Winterling,"Winterling, Aloys","Deborah Lucas Schneider, Glenn W. Most, Paul Psoinos","=""0520248953""","=""9780520248953""",4,3.88,University of California Press,Hardcover,240,2011,2005,2020/04/26,2020/04/22,,,read,,,,1,,,0,,,,,
15698,Caligula,Albert Camus,"Camus, Albert","Pierre-Louis Rey, P. Morgan, E.T. Jones","=""2070386708""","=""9782070386703""",5,4.09,Gallimard ,Mass Market Paperback,224,1993,1944,2020/04/21,2020/04/20,,,read,,,,1,,,0,,,,,
1231892,On Suicide,David Hume,"Hume, David",,"=""0141023953""","=""9780141023953""",3,3.63,Penguin,Paperback,113,2005,1775,2020/04/20,2020/04/20,,,read,,,,2,,,0,,,,,
26845643,Notes on Suicide,Simon Critchley,"Critchley, Simon",David Hume,"=""1910695068""","=""9781910695067""",3,3.74,Fitzcarraldo Editions,Paperback,92,2015,2015,2020/04/19,2020/04/15,,,read,,,,1,,,0,,,,,
25614523,Originals: How Non-Conformists Move the World,Adam M. Grant,"Grant, Adam M.",,"=""0525429565""","=""9780525429562""",0,3.95,Viking,Hardcover,326,2016,2016,,2020/04/19,to-read,to-read (#56),to-read,,,,0,,,0,,,,,
9712,Love in the Time of Cholera,Gabriel García Márquez,"Márquez, Gabriel García",Edith Grossman,"=""140003468X""","=""9781400034680""",5,3.92,Vintage International,Paperback,348,2003,1985,2020/04/15,2020/04/06,,,read,,,,1,,,0,,,,,
1136938,Theories of Social Remembering,Barbara A. Misztal,"Misztal, Barbara A.",,"=""0335208312""","=""9780335208319""",0,4.05,Open University Press,Paperback,,2003,2003,,2020/04/12,to-read,to-read (#55),to-read,,,,0,,,0,,,,,
28668534,The Good Immigrant,Nikesh Shukla,"Shukla, Nikesh","Varaidzo, Chimene Suleyman, Vera Chok, Daniel York Loh, Himesh Patel, Nish Kumar, Reni Eddo-Lodge, Wei Ming Kam, Darren Chetty, Kieran Yates, Coco Khan, Inua Ellams, Sabrina Mahfouz, Riz Ahmed, Sarah Sahim, Salena Godden, Miss L., Bim Adewunmi, Vinay Patel, Musa Okwonga","=""178352295X""","=""9781783522958""",0,4.34,Unbound,Hardcover,272,2016,2016,,2020/04/12,to-read,to-read (#54),to-read,,,,0,,,0,,,,,
27833670,Dark Matter,Blake Crouch,"Crouch, Blake",,"=""1101904224""","=""9781101904220""",0,4.10,Crown,Hardcover,342,2016,2016,,2020/04/12,to-read,to-read (#53),to-read,,,,0,,,0,,,,,
17788725,The Motivation Hacker,Nick Winter,"Winter, Nick",,"=""""","=""9780989279802""",3,3.74,Smashwords Edition,ebook,138,2013,2013,2020/04/07,2020/04/04,,,read,,,,1,,,0,,,,,
38212112,The Culture of Narcissism: American Life in An Age of Diminishing Expectations,Christopher Lasch,"Lasch, Christopher",,"=""0393356175""","=""9780393356175""",0,3.99,W. W. Norton  Company,Paperback,368,2018,1978,,2020/04/06,to-read,to-read (#52),to-read,,,,0,,,0,,,,,
423271,Why Is It Always About You? : The Seven Deadly Sins of Narcissism,Sandy Hotchkiss,"Hotchkiss, Sandy",James F. Masterson,"=""0743214285""","=""9780743214285""",0,3.90,Free Press,Trade Paperback,215,2003,2002,,2020/04/06,to-read,to-read (#51),to-read,,,,0,,,0,,,,,
22628,The Perks of Being a Wallflower,Stephen Chbosky,"Chbosky, Stephen",,"=""""","=""""",0,4.20,MTV Books/Pocket Books,Paperback,213,1999,1999,,2020/04/06,to-read,to-read (#50),to-read,,,,0,,,0,,,,,
1768212,Le K,Dino Buzzati,"Buzzati, Dino",Jacqueline REMILLET,"=""2266122355""","=""9782266122351""",5,3.99,Pocket,Paperback,441,2004,1966,,2020/04/06,,,read,,,,1,,,0,,,,,
15197,"Maus II: A Survivor's Tale: And Here My Troubles Began (Maus, #2)",Art Spiegelman,"Spiegelman, Art",,"=""0679729771""","=""9780679729778""",5,4.36,Pantheon Books,Paperback,144,1992,1991,,2020/04/06,,,read,,,,1,,,0,,,,,
236093,"The Wonderful Wizard of Oz (Oz, #1)",L. Frank Baum,"Baum, L. Frank",W.W. Denslow,"=""0140621679""","=""9780140621679""",5,3.97,Penguin,Paperback,154,1995,1900,,2020/04/06,,,read,,,,1,,,0,,,,,
15196,"Maus I: A Survivor's Tale: My Father Bleeds History (Maus, #1)",Art Spiegelman,"Spiegelman, Art",,"=""0394541553""","=""9780394541556""",5,4.34,Pantheon Books,Hardcover,159,1991,1986,,2020/04/06,,,read,,,,1,,,0,,,,,
14743,The God Delusion,Richard Dawkins,"Dawkins, Richard",,"=""0618680004""","=""9780618680009""",0,3.89,Houghton Mifflin Co. (Boston/NY),Hardcover,374,2006,2006,,2020/04/06,to-read,to-read (#49),to-read,,,,0,,,0,,,,,
21,A Short History of Nearly Everything,Bill Bryson,"Bryson, Bill",,"=""076790818X""","=""9780767908184""",0,4.19,Broadway Books,Paperback,544,2004,2003,,2020/04/06,to-read,to-read (#48),to-read,,,,0,,,0,,,,,
168668,Catch-22,Joseph Heller,"Heller, Joseph",,"=""0684833395""","=""9780684833392""",0,3.98,Simon & Schuster ,Paperback,453,2004,1961,,2020/04/06,to-read,to-read (#47),to-read,,,,0,,,0,,,,,
865,The Alchemist,Paulo Coelho,"Coelho, Paulo",Alan R. Clarke,"=""0061122416""","=""9780061122415""",0,3.89,HarperCollins,Paperback,197,1993,1988,,2020/04/06,to-read,to-read (#46),to-read,,,,0,,,0,,,,,
457264,The Second Sex,Simone de Beauvoir,"Beauvoir, Simone de","H.M. Parshley, Deirdre Bair","=""0679724516""","=""9780679724513""",0,4.13,Vintage,Paperback,746,1989,1949,,2020/04/06,to-read,to-read (#45),to-read,,,,0,,,0,,,,,
27333,Silent Spring,Rachel Carson,"Carson, Rachel","Linda Lear, Edward O. Wilson","=""0618249060""","=""9780618249060""",0,3.99,Mariner Books,Paperback,378,2002,1962,,2020/04/06,to-read,to-read (#44),to-read,,,,0,,,0,,,,,
51893,Thus Spoke Zarathustra,Friedrich Nietzsche,"Nietzsche, Friedrich",Walter Kaufmann,"=""""","=""""",0,4.05,Penguin Books,Paperback,327,1978,1883,,2020/04/06,to-read,to-read (#43),to-read,,,,0,,,0,,,,,
233093,"The Cat in the Hat (The Cat in the Hat, #1)",Dr. Seuss,"Seuss, Dr.",,"=""039480001X""","=""9780394800011""",0,4.16,Random House Books for Young Readers,Hardcover,61,1985,1957,,2020/04/06,,,read,,,,1,,,0,,,,,
13079982,Fahrenheit 451,Ray Bradbury,"Bradbury, Ray",,"=""""","=""""",0,3.99,Simon & Schuster,Kindle Edition,194,2011,1953,,2020/04/06,to-read,to-read (#42),to-read,,,,0,,,0,,,,,
77203,The Kite Runner,Khaled Hosseini,"Hosseini, Khaled",Berliani M. Nugrahani,"=""""","=""""",0,4.31,Riverhead Books,Paperback,371,2004,2003,,2020/04/06,to-read,to-read (#41),to-read,,,,0,,,0,,,,,
18796,In Search of Lost Time (6 Volumes),Marcel Proust,"Proust, Marcel","C.K. Scott Moncrieff, Andreas Mayor, Terence Kilmartin, D.J. Enright, Richard Howard","=""0812969642""","=""9780812969641""",0,4.35,Modern Library,Paperback,4211,2003,1927,,2020/04/06,to-read,to-read (#40),to-read,,,,0,,,0,,,,,
12395,Journey to the End of the Night,Louis-Ferdinand Céline,"Céline, Louis-Ferdinand","Ralph Manheim, Angela Cismaş, William T. Vollmann","=""0811216543""","=""9780811216548""",0,4.22,New Directions,Paperback,453,2006,1932,,2020/04/06,to-read,to-read (#39),to-read,,,,0,,,0,,,,,
1852,The Call of the Wild,Jack London,"London, Jack",Avi,"=""0439227143""","=""9780439227148""",0,3.88,Scholastic,Mass Market Paperback,172,2001,1903,,2020/04/06,to-read,to-read (#38),to-read,,,,0,,,0,,,,,
130440,Doctor Zhivago,Boris Pasternak,"Pasternak, Boris","John Bayley, Max Hayward, Manya Harari","=""0679774386""","=""9780679774389""",0,4.00,Pantheon,Paperback,592,1997,1957,,2020/04/06,to-read,to-read (#37),to-read,,,,0,,,0,,,,,
3836,Don Quixote,Miguel de Cervantes Saavedra,"Saavedra, Miguel de Cervantes","John Rutherford, Roberto González Echevarría","=""0142437239""","=""9780142437230""",0,3.88,Penguin Books,Paperback,1023,2003,1605,,2020/04/06,to-read,to-read (#36),to-read,,,,0,,,0,,,,,
656,War and Peace,Leo Tolstoy,"Tolstoy, Leo","Henry Gifford, Aylmer Maude, Louise Maude, Vladimir Levstik","=""""","=""""",0,4.12,Oxford University Press,Paperback,1392,1998,1865,,2020/04/06,to-read,to-read (#35),to-read,,,,0,,,0,,,,,
2623,Great Expectations,Charles Dickens,"Dickens, Charles",,"=""0192833596""","=""9780192833594""",0,3.78,Oxford University Press,Paperback,505,1998,1860,,2020/04/06,to-read,to-read (#34),to-read,,,,0,,,0,,,,,
18749,Half of a Yellow Sun,Chimamanda Ngozi Adichie,"Adichie, Chimamanda Ngozi",,"=""1400044162""","=""9781400044160""",0,4.31,Knopf,Hardcover,433,2006,2006,,2020/04/06,to-read,to-read (#33),to-read,,,,0,,,0,,,,,
929782,Martin Eden,Jack London,"London, Jack",Andrew Sinclair,"=""""","=""""",5,4.45,Penguin,Paperback,480,1994,1908,2020/04/06,2020/01/04,,,read,,,,1,,,0,,,,,
33229792,"80,000 Hours: Find a fulfilling career that does good",Benjamin Todd,"Todd, Benjamin",,"=""""","=""""",5,4.09,,Kindle Edition,343,2016,,2020/04/01,2020/02/21,,,read,,,,1,,,0,,,,,
23929479,Soumission,Michel Houellebecq,"Houellebecq, Michel",,"=""2081354802""","=""9782081354807""",4,3.65,Flammarion,Paperback,300,2015,2015,2020/03/30,2020/03/29,,,read,,,,1,,,0,,,,,
40121378,Atomic Habits: An Easy & Proven Way to Build Good Habits & Break Bad Ones,James Clear,"Clear, James",,"=""""","=""""",4,4.36,Avery,Kindle Edition,319,2018,2018,2020/03/12,2020/01/04,,,read,,,,1,,,0,,,,,
51567619,Father Goriot,Honoré de Balzac,"Balzac, Honoré de",,"=""1079043128""","=""9781079043129""",5,3.85,Independently Published,Paperback,454,2019,1835,,2020/01/04,,,read,,,,1,,,0,,,,,
23168483,The Most Good You Can Do: How Effective Altruism Is Changing Ideas About Living Ethically,Peter Singer,"Singer, Peter",,"=""0300180276""","=""9780300180275""",0,3.85,Yale University Press,Hardcover,232,2015,2015,,2020/02/21,to-read,to-read (#32),to-read,,,,0,,,0,,,,,
51351741,How to Make a Difference: The Definitive Guide from the World’s Most Effective Activists,Kate Robertson,"Robertson, Kate",Ella Robertson,"=""""","=""""",3,3.81,Cassell Illustrated,Kindle Edition,258,2019,,,2020/01/04,,,read,,,,1,,,0,,,,,
527756,The Man Without Qualities,Robert Musil,"Musil, Robert","Burton Pike, Sophie Wilkins","=""0330349422""","=""9780330349420""",0,4.23,Alfred A. Knopf,Hardcover,1774,1995,1930,,2020/01/27,to-read,to-read (#31),to-read,,,,0,,,0,,,,,
19063,The Book Thief,Markus Zusak,"Zusak, Markus",,"=""0375831002""","=""9780375831003""",0,4.38,Alfred A. Knopf,Hardcover,552,2006,2005,,2020/01/27,to-read,to-read (#30),to-read,,,,0,,,0,,,,,
8717326,Les fleurs de soleil,Simon Wiesenthal,"Wiesenthal, Simon",,"=""2226151907""","=""9782226151902""",0,4.11,Albin Michel,Paperback,272,2004,1969,,2020/01/26,to-read,to-read (#29),to-read,,,,0,,,0,,,,,
6234486,Het proces ,Franz Kafka,"Kafka, Franz",Ruth Wolf,"=""9021497808""","=""9789021497808""",0,3.96,Querido,Hardcover,295,1992,1925,,2020/01/23,to-read,to-read (#28),to-read,,,,0,,,0,,,,,
42921386,Pensez-vous vraiment ce que vous croyez penser ?,Marianne Chaillan,"Chaillan, Marianne",,"=""""","=""""",3,4.23,Des Equateurs,Kindle Edition,188,2018,,2020/01/21,2020/01/21,,,read,,,,2,,,0,,,,,
29430779,Payoff: The Hidden Logic That Shapes Our Motivations,Dan Ariely,"Ariely, Dan",,"=""1501120042""","=""9781501120046""",0,3.71,Simon  Schuster/ TED,Hardcover,128,2016,2016,,2020/01/19,to-read,to-read (#27),to-read,,,,0,,,0,,,,,
44287149,The Great Pretender: The Undercover Mission That Changed Our Understanding of Madness,Susannah Cahalan,"Cahalan, Susannah",,"=""1538715287""","=""9781538715284""",0,3.63,Grand Central Publishing,Hardcover,382,2019,2019,,2020/01/19,to-read,to-read (#26),to-read,,,,0,,,0,,,,,
43925876,The Giver of Stars,Jojo Moyes,"Moyes, Jojo",,"=""0399562486""","=""9780399562488""",0,4.27,Pamela Dorman Books,Hardcover,388,2019,2019,,2020/01/19,to-read,to-read (#25),to-read,,,,0,,,0,,,,,
40121980,Deaf Republic,Ilya Kaminsky,"Kaminsky, Ilya",,"=""1555978312""","=""9781555978310""",0,4.46,Graywolf Press,Paperback,80,2019,2011,,2020/01/19,to-read,to-read (#24),to-read,,,,0,,,0,,,,,
1377863,Strategy: A View From The Top (An Executive Perspective),Cornelis A. De Kluyver,"Kluyver, Cornelis A. De",John A. Pearce II,"=""0131861360""","=""9780131861367""",0,3.62,Prentice Hall,Paperback,,2005,2002,,2020/01/19,to-read,to-read (#23),to-read,,,,0,,,0,,,,,
113934,The Goal: A Process of Ongoing Improvement,Eliyahu M. Goldratt,"Goldratt, Eliyahu M.",Jeff Cox,"=""0884271781""","=""9780884271789""",0,4.06,North River Press,Paperback,384,2004,1984,,2020/01/19,to-read,to-read (#22),to-read,,,,0,,,0,,,,,
43884209,"Get a Life, Chloe Brown (The Brown Sisters, #1)",Talia Hibbert,"Hibbert, Talia",,"=""0062941208""","=""9780062941206""",0,3.87,Avon,Paperback,373,2019,2019,,2020/01/19,to-read,to-read (#21),to-read,,,,0,,,0,,,,,
123686,Influence Without Authority,Allan R. Cohen,"Cohen, Allan R.",David Bradford,"=""0471463302""","=""9780471463306""",0,3.61,Wiley,Hardcover,310,2005,1989,,2020/01/19,to-read,to-read (#20),to-read,,,,0,,,0,,,,,
2343374,The Tyranny of Words,Stuart Chase,"Chase, Stuart",,"=""0156923947""","=""9780156923941""",0,4.29,Mariner Books,Paperback,420,1959,1938,,2020/01/19,to-read,to-read (#19),to-read,,,,0,,,0,,,,,
34890015,Factfulness: Ten Reasons We're Wrong About the World – and Why Things Are Better Than You Think,Hans Rosling,"Rosling, Hans","Ola Rosling, Anna Rosling Rönnlund","=""1473637465""","=""9781473637467""",0,4.35,Sceptre,Hardcover,342,2018,2018,,2020/01/19,to-read,to-read (#18),to-read,,,,0,,,0,,,,,
13610080,The Power of Reputation,Chris Komisarjevsky,"Komisarjevsky, Chris",,"=""0814417973""","=""9780814417973""",0,3.10,AMACOM,Hardcover,224,2012,2012,,2020/01/19,to-read,to-read (#17),to-read,,,,0,,,0,,,,,
3636,"The Giver (The Giver, #1)",Lois Lowry,"Lowry, Lois",,"=""0385732554""","=""9780385732550""",4,4.13,Ember,Paperback,208,2006,1993,2020/01/17,2020/01/04,,,read,,,,1,,,0,,,,,
355697,All Quiet on the Western Front,Erich Maria Remarque,"Remarque, Erich Maria",Arthur Wesley Wheen,"=""0449213943""","=""9780449213940""",5,3.99,Ballantine Books,Mass Market Paperback,296,1987,1929,2020/01/15,2020/01/12,,,read,,,,1,,,0,,,,,
261004,Eyeless in Gaza,Aldous Huxley,"Huxley, Aldous",,"=""0099458179""","=""9780099458173""",0,3.89,Vintage,Paperback,528,2004,1936,,2020/01/10,to-read,to-read (#16),to-read,,,,0,,,0,,,,,
5135,Point Counter Point,Aldous Huxley,"Huxley, Aldous",,"=""1564781313""","=""9781564781314""",0,3.86,Dalkey Archive Press,Paperback,432,1996,1928,,2020/01/10,to-read,to-read (#15),to-read,,,,0,,,0,,,,,
5129,Brave New World,Aldous Huxley,"Huxley, Aldous",,"=""0060929871""","=""9780060929879""",5,3.99,HarperPerennial / Perennial Classics,Paperback,268,1998,1932,2020/01/10,2020/01/04,,,read,,,,2,,,0,,,,,
1846053,La Controverse de Valladolid,Jean-Claude Carrière,"Carrière, Jean-Claude",,"=""2080722603""","=""9782080722607""",5,3.54,Pocket,Paperback,119,1993,1992,,2020/01/06,,,read,,,,1,,,0,,,,,
6604181,Human Society in Ethics and Politics,Bertrand Russell,"Russell, Bertrand",,"=""0415487374""","=""9780415487375""",0,3.95,Routledge,Paperback,243,2009,1954,,2020/01/06,to-read,to-read (#14),to-read,,,,0,,,0,,,,,
28815,Influence: The Psychology of Persuasion,Robert B. Cialdini,"Cialdini, Robert B.",,"=""006124189X""","=""9780061241895""",0,4.18,Harper Business,Paperback,320,2006,1984,,2020/01/06,to-read,to-read (#13),to-read,,,,0,,,0,,,,,
7708996,Être sans destin,Imre Kertész,"Kertész, Imre","Charles Zaremba, Natalia Zaremba-Huzsvai","=""2742784896""","=""9782742784899""",5,4.07,Actes Sud,Mass Market Paperback,366,2009,1975,,2020/01/06,,,read,,,,1,,,0,,,,,
26262224,Doing Good Better: How Effective Altruism Can Help You Make a Difference,William MacAskill,"MacAskill, William",,"=""1783350490""","=""9781783350490""",5,4.25,Guardian Faber ,Paperback,325,2015,2015,,2020/01/06,,,read,,,,1,,,0,,,,,
14799895,Civilization: The Six Ideas That Created the Modern World,Niall Ferguson,"Ferguson, Niall",,"=""0141044586""","=""9780141044583""",0,3.85,Penguin Group,Paperback,402,2012,2011,,2020/01/06,to-read,to-read (#12),to-read,,,,1,,,0,,,,,
840043,The Rise and Fall of the Great Powers: Economic Change and Military Conflict from 1500 to 2000,Paul Kennedy,"Kennedy, Paul",,"=""0679720197""","=""9780679720195""",5,4.11,Vintage Books,Paperback,677,1989,1987,,2020/01/06,,,read,,,,1,,,0,,,,,
1812628,Geronimo Stilton: #15-16,Geronimo Stilton,"Stilton, Geronimo","Bill Lobley, Elisabetta Dami","=""0545033276""","=""9780545033275""",0,4.18,"Scholastic, Inc.",Audio CD,0,2008,2008,,2020/01/06,childhood,childhood (#55),read,,,,1,,,0,,,,,
18693884,How Not to Be Wrong: The Power of Mathematical Thinking,Jordan Ellenberg,"Ellenberg, Jordan",,"=""1594205221""","=""9781594205224""",5,3.96,Penguin Press,Hardcover,480,2014,2014,,2020/01/06,,,read,,,,1,,,0,,,,,
957635,L'Espèce humaine,Robert Antelme,"Antelme, Robert",,"=""2070297799""","=""9782070297795""",5,4.28,Gallimard,Mass Market Paperback,321,1978,1947,,2020/01/06,,,read,,,,1,,,0,,,,,
527040,Freakonomics - A Rogue Economist Explores The Hidden Side Of Everything,Steven D. Levitt,"Levitt, Steven D.",,"=""0061131326""","=""9780061131325""",5,3.98,William Morrow & Company,Hardcover,256,2006,2005,,2020/01/06,,,read,,,,1,,,0,,,,,
35174669,"Plus rien à faire, plus rien à foutre",Brice TEINTURIER,"TEINTURIER, Brice",Robert Laffont,"=""2221198662""","=""9782221198667""",3,3.60,French and European Publications Inc,Paperback,198,2017,,,2020/01/06,,,read,,,,1,,,0,,,,,
13036196,"Thinking, Fast and Slow",Daniel Kahneman,"Kahneman, Daniel",,"=""1846146062""","=""9781846146060""",5,4.16,Allen Lane,Paperback,504,2011,2011,,2020/01/06,,,read,,,,1,,,0,,,,,
16981,Invisible Man,Ralph Ellison,"Ellison, Ralph",,"=""""","=""""",0,3.89,Vintage,Paperback,581,1995,1952,,2020/01/05,to-read,to-read (#11),to-read,,,,0,,,0,,,,,
835623,How the Mind Works,Steven Pinker,"Pinker, Steven",,"=""0393318486""","=""9780393318487""",0,3.98,W. W. Norton  Company,Paperback,660,1999,1997,,2020/01/04,to-read,to-read (#10),to-read,,,,0,,,0,,,,,
22472,Discourse on the Origin of Inequality,Jean-Jacques Rousseau,"Rousseau, Jean-Jacques",,"=""0486434141""","=""9780486434148""",4,3.83,Dover Publications,Paperback,73,2004,1755,,2020/01/04,,,read,,,,1,,,0,,,,,
1208948,Zadig et autres contes,Voltaire,"Voltaire, Voltaire",,"=""2080720309""","=""9782080720306""",5,3.82,,Mass Market Paperback,168,1996,1747,,2020/01/04,,,read,,,,1,,,0,,,,,
15694,The First Man,Albert Camus,"Camus, Albert",David Hapgood,"=""0783816014""","=""9780783816012""",5,3.97,Thorndike Press,Paperback,359,1996,1994,,2020/01/04,,,read,,,,1,,,0,,,,,
11991,The Fall,Albert Camus,"Camus, Albert",Justin O'Brien,"=""0679720227""","=""9780679720225""",5,4.02,Vintage,Paperback,147,1991,1956,,2020/01/04,,,read,,,,1,,,0,,,,,
1810674,La Mort du roi Tsongor,Laurent Gaudé,"Gaudé, Laurent",,"=""2742752986""","=""9782742752980""",4,4.03,Actes Sud,Mass Market Paperback,204,2004,2002,,2020/01/04,,,read,,,,1,,,0,,,,,
10799,A Farewell to Arms,Ernest Hemingway,"Hemingway, Ernest",نجف دریابندری,"=""0099910101""","=""9780099910107""",0,3.81,Arrow Books,Paperback,293,2004,1929,,2020/01/04,to-read,to-read (#9),to-read,,,,0,,,0,,,,,
32075671,"The Hate U Give (The Hate U Give, #1)",Angie Thomas,"Thomas, Angie",,"=""0062498533""","=""9780062498533""",0,4.51,Balzer + Bray,Hardcover,444,2017,2017,,2020/01/04,to-read,to-read (#8),to-read,,,,0,,,0,,,,,
3431,The Five People You Meet in Heaven,Mitch Albom,"Albom, Mitch",,"=""1401308589""","=""9781401308582""",0,3.95,Hyperion,Paperback,196,2003,2003,,2020/01/04,to-read,to-read (#7),to-read,,,,0,,,0,,,,,
4929,Kafka on the Shore,Haruki Murakami,"Murakami, Haruki",Philip Gabriel,"=""1400079276""","=""9781400079278""",0,4.13,Vintage International,Paperback,467,2006,2002,,2020/01/04,to-read,to-read (#6),to-read,,,,0,,,0,,,,,
15796700,Americanah,Chimamanda Ngozi Adichie,"Adichie, Chimamanda Ngozi",Jashar Awan,"=""""","=""""",0,4.30,Alfred A. Knopf,Hardcover,477,2013,2013,,2020/01/04,to-read,to-read (#5),to-read,,,,0,,,0,,,,,
1953,A Tale of Two Cities,Charles Dickens,"Dickens, Charles",Richard Maxwell,"=""0141439602""","=""9780141439600""",0,3.85,Penguin Books,Paperback,489,2003,1859,,2020/01/04,to-read,to-read (#4),to-read,,,,0,,,0,,,,,
18114322,The Grapes of Wrath,John Steinbeck,"Steinbeck, John",,"=""067001690X""","=""9780670016907""",0,3.98,Viking,Hardcover,479,2014,1939,,2020/01/04,to-read,to-read (#3),to-read,,,,0,,,0,,,,,
7604,Lolita,Vladimir Nabokov,"Nabokov, Vladimir",Craig Raine,"=""""","=""""",0,3.89,Penguin,Paperback,331,1995,1955,,2020/01/04,to-read,to-read (#2),to-read,,,,0,,,0,,,,,
2956,The Adventures of Huckleberry Finn,Mark Twain,"Twain, Mark","Guy Cardwell, John Seelye, Walter Trier","=""0142437174""","=""9780142437179""",0,3.82,Penguin Classics,Paperback,327,2002,1884,,2020/01/04,to-read,to-read (#1),to-read,,,,0,,,0,,,,,
1618,The Curious Incident of the Dog in the Night-Time,Mark Haddon,"Haddon, Mark",,"=""1400032717""","=""9781400032716""",5,3.89,Vintage,Paperback,226,2004,2003,,2020/01/04,,,read,,,,1,,,0,,,,,
119003,La Promesse de l'aube,Romain Gary,"Gary, Romain",,"=""2070363732""","=""9782070363735""",5,4.28,Folio,Mass Market Paperback,456,1973,1960,,2020/01/04,,,read,,,,1,,,0,,,,,
875906,Un barrage contre le Pacifique,Marguerite Duras,"Duras, Marguerite",,"=""2070368823""","=""9782070368822""",5,3.79,Folio,Mass Market Paperback,370,1978,1950,,2020/01/04,,,read,,,,1,,,0,,,,,
181398,Summer of the Sea Serpent (Merlin Missions #3),Mary Pope Osborne,"Osborne, Mary Pope",Salvatore Murdocca,"=""0375827358""","=""9780375827358""",0,4.07,Random House Books for Young Readers,Hardcover,111,2010,2004,,2020/01/04,childhood,childhood (#52),read,,,,1,,,0,,,,,
32184,"Thanksgiving on Thursday (Magic Tree House, #27)",Mary Pope Osborne,"Osborne, Mary Pope",Salvatore Murdocca,"=""0375806156""","=""9780375806155""",0,3.87,Random House Books for Young Readers,Paperback,73,2002,2002,,2020/01/04,childhood,childhood (#51),read,,,,1,,,0,,,,,
262437,"Dingoes at Dinnertime (Magic Tree House, #20)",Mary Pope Osborne,"Osborne, Mary Pope",Salvatore Murdocca,"=""0679890661""","=""9780679890669""",0,3.91,Random House for Young Readers,Paperback,96,2010,2000,,2020/01/04,childhood,childhood (#50),read,,,,1,,,0,,,,,
434928,"Good Morning, Gorillas (Magic Tree House, #26)",Mary Pope Osborne,"Osborne, Mary Pope",Salvatore Murdocca,"=""0375806148""","=""9780375806148""",0,3.92,Random House Books for Young Readers,Paperback,71,2002,2002,,2020/01/04,childhood,childhood (#49),read,,,,1,,,0,,,,,
89612,"High Tide in Hawaii (Magic Tree House, #28)",Mary Pope Osborne,"Osborne, Mary Pope",Salvatore Murdocca,"=""0375806164""","=""9780375806162""",0,3.99,Random House Books for Young Readers,Paperback,96,2003,2003,,2020/01/04,childhood,childhood (#48),read,,,,1,,,0,,,,,
93734,"Revolutionary War on Wednesday (Magic Tree House, #22)",Mary Pope Osborne,"Osborne, Mary Pope",Salvatore Murdocca,"=""0679890688""","=""9780679890683""",0,3.92,Random House Books for Young Readers,Paperback,69,2010,2000,,2020/01/04,childhood,childhood (#47),read,,,,1,,,0,,,,,
181399,"Viking Ships At Sunrise (Magic Tree House, #15)",Mary Pope Osborne,"Osborne, Mary Pope",Salvatore Murdocca,"=""0679890610""","=""9780679890614""",0,3.87,Random House Books for Young Readers,Paperback,73,1998,1998,,2020/01/04,childhood,childhood (#46),read,,,,1,,,0,,,,,
26595,"Earthquake in the Early Morning (Magic Tree House, #24)",Mary Pope Osborne,"Osborne, Mary Pope",Salvatore Murdocca,"=""067989070X""","=""9780679890706""",0,3.95,Random House for Young Readers,Paperback,96,2010,2001,,2020/01/04,childhood,childhood (#45),read,,,,1,,,0,,,,,
262438,"Buffalo Before Breakfast (Magic Tree House, #18)",Mary Pope Osborne,"Osborne, Mary Pope",Salvatore Murdocca,"=""0679890645""","=""9780679890645""",0,3.85,Random House for Young Readers,Paperback,96,2010,1999,,2020/01/04,childhood,childhood (#44),read,,,,1,,,0,,,,,
948527,"Polar Bears Past Bedtime (Magic Tree House, #12)",Mary Pope Osborne,"Osborne, Mary Pope",Salvatore Murdocca,"=""067988341X""","=""9780679883418""",0,3.90,Random House Books for Young Readers,Paperback,71,2003,1998,,2020/01/04,childhood,childhood (#43),read,,,,1,,,0,,,,,
202041,"Day of the Dragon King (Magic Tree House, #14)",Mary Pope Osborne,"Osborne, Mary Pope",Salvatore Murdocca,"=""0679890513""","=""9780679890515""",0,3.92,Random House for Young Readers,Paperback,96,2008,1998,,2020/01/04,childhood,childhood (#42),read,,,,1,,,0,,,,,
136276,"Tigers at Twilight (Magic Tree House, #19)",Mary Pope Osborne,"Osborne, Mary Pope",Salvatore Murdocca,"=""0679890653""","=""9780679890652""",0,3.89,Random House Books for Young Readers,Paperback,72,2009,1999,,2020/01/04,childhood,childhood (#41),read,,,,1,,,0,,,,,
409163,"Civil War on Sunday (Magic Tree House, #21)",Mary Pope Osborne,"Osborne, Mary Pope",Salvatore Murdocca,"=""067989067X""","=""9780679890676""",0,3.96,Random House for Young Readers,Paperback,96,2008,2000,,2020/01/04,childhood,childhood (#40),read,,,,1,,,0,,,,,
181401,"Hour of the Olympics (Magic Tree House, #16)",Mary Pope Osborne,"Osborne, Mary Pope",Salvatore Murdocca,"=""0679890629""","=""9780679890621""",0,3.94,Random House Books for Young Readers,Paperback,74,1998,1998,,2020/01/04,childhood,childhood (#39),read,,,,1,,,0,,,,,
526643,"Twister on Tuesday (Magic Tree House, #23)",Mary Pope Osborne,"Osborne, Mary Pope",Salvatore Murdocca,"=""0679890696""","=""9780679890690""",0,3.92,Random House Books for Young Readers,Paperback,96,2010,2001,,2020/01/04,childhood,childhood (#38),read,,,,1,,,0,,,,,
262436,Christmas in Camelot (Merlin Mission #1),Mary Pope Osborne,"Osborne, Mary Pope",Salvatore Murdocca,"=""037581373X""","=""9780375813733""",0,4.04,Random House for Young Readers,Hardcover,128,2010,2001,,2020/01/04,childhood,childhood (#37),read,,,,1,,,0,,,,,
608296,"Lions at Lunchtime (Magic Tree House, #11)",Mary Pope Osborne,"Osborne, Mary Pope",Salvatore Murdocca,"=""0679883401""","=""9780679883401""",0,3.88,Random House Children's Books,Paperback,96,1998,1998,,2020/01/04,childhood,childhood (#36),read,,,,1,,,0,,,,,
948528,"Sunset of the Sabertooth (Magic Tree House, #7)",Mary Pope Osborne,"Osborne, Mary Pope",Salvatore Murdocca,"=""0679863737""","=""9780679863731""",0,3.89,Random House Books for Young Readers,Paperback,80,1996,2002,,2020/01/04,childhood,childhood (#35),read,,,,1,,,0,,,,,
861358,"Ghost Town at Sundown (Magic Tree House, #10)",Mary Pope Osborne,"Osborne, Mary Pope",Salvatore Murdocca,"=""0679883398""","=""9780679883395""",0,3.92,Random House Books for Young Readers,Paperback,96,2010,1997,,2020/01/04,childhood,childhood (#34),read,,,,1,,,0,,,,,
126574,"Vacation Under the Volcano (Magic Tree House, #13)",Mary Pope Osborne,"Osborne, Mary Pope",Salvatore Murdocca,"=""0679890505""","=""9780679890508""",0,4.00,Random House Children's Books,Paperback,74,1998,1998,,2020/01/04,childhood,childhood (#33),read,,,,1,,,0,,,,,
122914,"Midnight on the Moon (Magic Tree House, #8)",Mary Pope Osborne,"Osborne, Mary Pope",Salvatore Murdocca,"=""0679863745""","=""9780679863748""",0,3.94,Random House Books for Young Readers,Paperback,80,1996,2002,,2020/01/04,childhood,childhood (#32),read,,,,1,,,0,,,,,
127335,"Tonight on the Titanic (Magic Tree House, #17)",Mary Pope Osborne,"Osborne, Mary Pope",Salvatore Murdocca,"=""0439086728""","=""9780679890638""",0,4.05,Random House Books for Young Readers,Paperback,96,1999,1999,,2020/01/04,childhood,childhood (#31),read,,,,1,,,0,,,,,
180645,"Afternoon on the Amazon (Magic Tree House, #6)",Mary Pope Osborne,"Osborne, Mary Pope",Salvatore Murdocca,"=""0679863729""","=""9780679863724""",0,3.95,"Random House, Inc.",Paperback,67,1995,1995,,2020/01/04,childhood,childhood (#30),read,,,,1,,,0,,,,,
460120,"Dolphins at Daybreak (Magic Tree House, #9)",Mary Pope Osborne,"Osborne, Mary Pope",Salvatore Murdocca,"=""067988338X""","=""9780679883388""",0,3.96,Random House for Young Readers,Paperback,67,2010,2002,,2020/01/04,,,read,,,,1,,,0,,,,,
460087,"Night of the Ninjas (Magic Tree House, #5)",Mary Pope Osborne,"Osborne, Mary Pope",Salvatore Murdocca,"=""0679863710""","=""9780679863717""",0,3.96,Random House,Paperback,69,1995,1995,,2020/01/04,childhood,childhood (#29),read,,,,1,,,0,,,,,
143717,"Pirates Past Noon (Magic Tree House, #4)",Mary Pope Osborne,"Osborne, Mary Pope",Salvatore Murdocca,"=""0679824251""","=""9780679824251""",0,3.92,Random House Books for Young Readers,Paperback,80,1994,1992,,2020/01/04,childhood,childhood (#28),read,,,,1,,,0,,,,,
268955,"Mummies in the Morning (Magic Tree House, #3)",Mary Pope Osborne,"Osborne, Mary Pope",Salvatore Murdocca,"=""0679824243""","=""9780679824244""",0,3.87,Random House,Paperback,65,1993,1993,,2020/01/04,childhood,childhood (#27),read,,,,1,,,0,,,,,
948526,"The Knight at Dawn (Magic Tree House, #2)",Mary Pope Osborne,"Osborne, Mary Pope",Salvatore Murdocca,"=""067982412X""","=""9780679824121""",0,3.87,Random House,Paperback,66,1993,1993,,2020/01/04,childhood,childhood (#26),read,,,,1,,,0,,,,,
824734,"Dinosaurs Before Dark (Magic Tree House, #1)",Mary Pope Osborne,"Osborne, Mary Pope",Salvatore Murdocca,"=""0679824111""","=""9780679824114""",0,3.93,Random House,Paperback,68,1992,1992,,2020/01/04,childhood,childhood (#25),read,,,,1,,,0,,,,,
65876,"Asterix and the Class Act (Astérix, #32)",René Goscinny,"Goscinny, René",Albert Uderzo,"=""0752866400""","=""9780752866406""",0,3.78,Asterix,Paperback,56,2004,2003,,2020/01/04,childhood,childhood (#22),read,,,,1,,,0,,,,,
145637,Les Récrés du Petit Nicolas,René Goscinny,"Goscinny, René",Jean-Jacques Sempé,"=""2070513351""","=""9782070513352""",0,4.24,Editions Gallimard,Paperback,181,2002,1961,,2020/01/04,childhood,childhood (#21),read,,,,1,,,0,,,,,
146966,Les Vacances du Petit Nicolas,René Goscinny,"Goscinny, René",Jean-Jacques Sempé,"=""2070513343""","=""9782070513345""",0,4.20,Editions Gallimard,Paperback,151,1999,1961,,2020/01/04,childhood,childhood (#20),read,,,,1,,,0,,,,,
71293,"Asterix and the Great Crossing (Asterix, #22)",René Goscinny,"Goscinny, René",Albert Uderzo,"=""0752866486""","=""9780752866482""",0,4.02,Asterix,Paperback,48,2004,1975,,2020/01/04,childhood,childhood (#19),read,,,,1,,,0,,,,,
122413,"Asterix and the Laurel Wreath (Asterix, #18)",René Goscinny,"Goscinny, René",Albert Uderzo,"=""0752866370""","=""9780752866376""",0,4.13,Asterix,Paperback,48,2004,1971,,2020/01/04,childhood,childhood (#18),read,,,,1,,,0,,,,,
71301,"Obelix and Co. (Asterix, #23)",René Goscinny,"Goscinny, René",Albert Uderzo,"=""0752866524""","=""9780752866529""",0,4.14,Asterix,Paperback,48,2005,1976,,2020/01/04,childhood,childhood (#17),read,,,,1,,,0,,,,,
122441,Asterix and the Roman Agent (Astérix #15),René Goscinny,"Goscinny, René",Albert Uderzo,"=""0752866338""","=""9780752866338""",0,4.19,Asterix,Paperback,48,2004,1970,,2020/01/04,childhood,childhood (#15),read,,,,1,,,0,,,,,
81332,"Asterix in Belgium (Asterix, #24)",René Goscinny,"Goscinny, René",Albert Uderzo,"=""0752866508""","=""9780752866505""",0,4.09,Asterix,Paperback,48,2005,1979,,2020/01/04,childhood,childhood (#14),read,,,,1,,,0,,,,,
71300,"Asterix and the Soothsayer (Asterix, #19)",René Goscinny,"Goscinny, René",Albert Uderzo,"=""0752866427""","=""9780752866420""",0,4.13,Asterix,Paperback,48,2004,1972,,2020/01/04,childhood,childhood (#13),read,,,,1,,,0,,,,,
122437,"Asterix and the Cauldron (Asterix, #13)",René Goscinny,"Goscinny, René",Albert Uderzo,"=""075286629X""","=""9780752866291""",0,4.12,Asterix,Paperback,48,2004,1968,,2020/01/04,childhood,childhood (#12),read,,,,1,,,0,,,,,
71297,"Asterix in Corsica (Asterix, #20)",René Goscinny,"Goscinny, René",Albert Uderzo,"=""0752866443""","=""9780752866444""",0,4.14,Asterix,Paperback,48,2004,1973,,2020/01/04,childhood,childhood (#11),read,,,,1,,,0,,,,,
122403,"Asterix and the Chieftain's Shield (Asterix, #11)",René Goscinny,"Goscinny, René",Albert Uderzo,"=""0752866249""","=""9780752866246""",0,4.16,Asterix,Hardcover,48,2004,1967,,2020/01/04,childhood,childhood (#10),read,,,,1,,,0,,,,,
122440,"Asterix in Spain (Asterix, #14)",René Goscinny,"Goscinny, René",Albert Uderzo,"=""0752866311""","=""9780752866314""",0,4.10,Asterix,Paperback,48,2004,1969,,2020/01/04,childhood,childhood (#9),read,,,,1,,,0,,,,,
122421,"Asterix and the Banquet (Astérix, #5)",René Goscinny,"Goscinny, René",Albert Uderzo,"=""0752866095""","=""9780752866093""",0,4.17,Asterix,Paperback,48,2004,1963,,2020/01/04,childhood,childhood (#8),read,,,,1,,,0,,,,,
122405,Asterix and Caesar's Gift (Astérix #21),René Goscinny,"Goscinny, René",Albert Uderzo,"=""075286646X""","=""9780752866468""",0,4.12,Asterix,Paperback,48,2004,1974,,2020/01/04,childhood,childhood (#6),read,,,,1,,,0,,,,,
122404,"Asterix and the Big Fight (Asterix, #7)",René Goscinny,"Goscinny, René",Albert Uderzo,"=""0752866168""","=""9780752866161""",0,4.17,Asterix,Hardcover,48,2004,1966,,2020/01/04,childhood,childhood (#5),read,,,,1,,,0,,,,,
122420,"Asterix and the Normans (Asterix, #9)",René Goscinny,"Goscinny, René",Albert Uderzo,"=""0752866230""","=""9780752866239""",0,4.15,Asterix,Paperback,48,2004,1966,,2020/01/04,childhood,childhood (#4),read,,,,1,,,0,,,,,
71298,"Asterix at the Olympic Games (Asterix, #12)",René Goscinny,"Goscinny, René",Albert Uderzo,"=""0752866265""","=""9780752866260""",0,4.15,Asterix,Hardcover,48,2004,1968,,2020/01/04,childhood,childhood (#3),read,,,,1,,,0,,,,,
122401,"Asterix the Gladiator (Asterix, #4)",René Goscinny,"Goscinny, René",Albert Uderzo,"=""0752866117""","=""9780752866116""",0,4.21,Asterix,Paperback,48,2004,1962,,2020/01/04,childhood,childhood (#2),read,,,,1,,,0,,,,,
122418,"Asterix the Legionary (Asterix, #10)",René Goscinny,"Goscinny, René",Albert Uderzo,"=""0752866214""","=""9780752866215""",0,4.30,Asterix,Paperback,48,2004,1966,,2020/01/04,childhood,childhood (#1),read,,,,1,,,0,,,,,
122439,"Asterix and the Golden Sickle (Asterix, #2)",René Goscinny,"Goscinny, René","Albert Uderzo, Anthea Bell, Derek Hockridge","=""0752866133""","=""9780752866130""",0,4.15,Asterix,Paperback,46,2004,1960,,2020/01/04,,,read,,,,1,,,0,,,,,
122408,"Asterix and the Goths (Asterix, #3)",René Goscinny,"Goscinny, René",Albert Uderzo,"=""075286615X""","=""9780752866154""",0,4.15,Asterix,Paperback,48,2004,1961,,2020/01/04,,,read,,,,1,,,0,,,,,
71299,"Asterix in Britain (Asterix, #8)",René Goscinny,"Goscinny, René",Albert Uderzo,"=""0752866192""","=""9780752866192""",0,4.29,Asterix,Paperback,48,2004,1965,,2020/01/04,,,read,,,,1,,,0,,,,,
71292,"Asterix the Gaul (Asterix, #1)",René Goscinny,"Goscinny, René","Albert Uderzo, Anthea Bell, Derek Hockridge","=""0752866052""","=""9780752866055""",0,4.18,"Orion Books Ltd., London",Paperback,48,2004,1961,,2020/01/04,,,read,,,,1,,,0,,,,,
74256,Le Petit Nicolas,René Goscinny,"Goscinny, René",Jean-Jacques Sempé,"=""2070364232""","=""9782070364237""",0,4.14,Folio,Mass Market Paperback,167,1988,1959,,2020/01/04,,,read,,,,1,,,0,,,,,
4865,How to Win Friends and Influence People,Dale Carnegie,"Carnegie, Dale","ریحانه جعفری, پروین قائمی","=""""","=""""",5,4.21,Gallery Books,Paperback,288,1998,1936,,2020/01/04,,,read,,,,1,,,0,,,,,
730596,Snow White,Paul Heins,"Heins, Paul","Jacob Grimm, Wilhelm Grimm, Trina Schart Hyman","=""0316354503""","=""9780316354509""",5,4.20,"Little, Brown Books for Young Readers",Hardcover,48,1974,,,2020/01/04,,,read,,,,1,,,0,,,,,
370493,The Giving Tree,Shel Silverstein,"Silverstein, Shel",,"=""0060256656""","=""9780060256654""",5,4.37,HarperCollins Publishers,Hardcover,64,1964,1964,,2020/01/04,,,read,,,,1,,,0,,,,,
1821571,"Snakehead (Alex Rider, #7)",Anthony Horowitz,"Horowitz, Anthony",,"=""1406309354""","=""9781406309355""",0,4.15,Walker Books Ltd,Hardcover,398,2007,2007,,2020/01/04,,,read,,,,1,,,0,,,,,
94319,"Ark Angel (Alex Rider, #6)",Anthony Horowitz,"Horowitz, Anthony",,"=""0142407380""","=""9780142407387""",0,4.12,Speak/Puffin/Penguin Group,Paperback,323,2007,2005,,2020/01/04,,,read,,,,1,,,0,,,,,
542414,"Scorpia (Alex Rider, #5)",Anthony Horowitz,"Horowitz, Anthony",,"=""0142405787""","=""9780142405789""",0,4.18,Puffin Books,Paperback,388,2006,2004,,2020/01/04,,,read,,,,1,,,0,,,,,
175004,"Eagle Strike (Alex Rider, #4)",Anthony Horowitz,"Horowitz, Anthony",,"=""0142406139""","=""9780142406137""",0,4.12,Speak,Paperback,322,2006,2003,,2020/01/04,,,read,,,,1,,,0,,,,,
103983,"Skeleton Key (Alex Rider, #3)",Anthony Horowitz,"Horowitz, Anthony",,"=""0142406147""","=""9780142406144""",0,4.07,Puffin Books,Paperback,327,2006,2002,,2020/01/04,,,read,,,,1,,,0,,,,,
224500,"Point Blank (Alex Rider, #2)",Anthony Horowitz,"Horowitz, Anthony",,"=""0142406120""","=""9780142406120""",0,4.11,Penguin Puffin,Paperback,274,2001,2001,,2020/01/04,,,read,,,,1,,,0,,,,,
7929317,"Shadow Wave (Cherub, #12)",Robert Muchamore,"Muchamore, Robert",,"=""034095647X""","=""9780340956472""",0,4.14,Hodder & Stoughton,Hardcover,352,2010,2010,,2020/01/04,,,read,,,,1,,,0,,,,,
6469814,"Brigands M.C. (Cherub, #11)",Robert Muchamore,"Muchamore, Robert",,"=""0340989033""","=""9780340989036""",0,4.29,Hodder Children's Books,Hardcover,406,2009,2009,,2020/01/04,,,read,,,,1,,,0,,,,,
828482,"Man vs. Beast (Cherub, #6)",Robert Muchamore,"Muchamore, Robert",,"=""0340911697""","=""9780340911693""",0,4.16,Hodder Children's Books,Paperback,298,2006,2006,,2020/01/04,,,read,,,,1,,,0,,,,,
1291212,"The Sleepwalker (Cherub, #9)",Robert Muchamore,"Muchamore, Robert",,"=""0340931833""","=""9780340931837""",0,4.17,Hodder & Stoughton,Paperback,312,2008,2008,,2020/01/04,,,read,,,,1,,,0,,,,,
655601,"Divine Madness (Cherub, #5)",Robert Muchamore,"Muchamore, Robert",,"=""1416927247""","=""9781416927242""",0,4.21,Simon Pulse,Paperback,360,2006,2006,,2020/01/04,,,read,,,,1,,,0,,,,,
828483,"The Killing (Cherub, #4)",Robert Muchamore,"Muchamore, Robert",,"=""0340894334""","=""9780340894330""",0,4.16,Hodder Children's Books,Paperback,306,2005,2005,,2020/01/04,,,read,,,,1,,,0,,,,,
1291211,"Class A (Cherub, #2)",Robert Muchamore,"Muchamore, Robert",,"=""0340881542""","=""9780340881545""",0,4.29,Hachette Children's Books,Paperback,291,2006,2004,,2020/01/04,,,read,,,,1,,,0,,,,,
3876,The Sun Also Rises (Fiesta),Ernest Hemingway,"Hemingway, Ernest",,"=""""","=""""",5,3.82,Pan Books,Paperback,189,1957,1926,,2020/01/04,,,read,,,,1,,,0,,,,,
28257707,The Subtle Art of Not Giving a F*ck: A Counterintuitive Approach to Living a Good Life,Mark Manson,"Manson, Mark",,"=""""","=""""",3,3.93,Harper,ebook,224,2016,2016,,2020/01/04,,,read,,,,1,,,0,,,,,
23995360,Superforecasting: The Art and Science of Prediction,Philip E. Tetlock,"Tetlock, Philip E.",Dan Gardner,"=""0804136696""","=""9780804136693""",4,4.09,Crown,Hardcover,352,2015,2015,,2020/01/04,,,read,,,,1,,,0,,,,,
31138556,Homo Deus: A History of Tomorrow,Yuval Noah Harari,"Harari, Yuval Noah",,"=""""","=""""",3,4.22,Harper,Kindle Edition,450,2017,2017,,2020/01/04,,,read,,,,1,,,0,,,,,
23692271,Sapiens: A Brief History of Humankind,Yuval Noah Harari,"Harari, Yuval Noah",,"=""""","=""""",5,4.40,Vintage,Paperback,512,2015,2011,,2020/01/04,,,read,,,,1,,,0,,,,,
27213329,Grit: The Power of Passion and Perseverance,Angela Duckworth,"Duckworth, Angela",จารุจรรย์ คงมีสุข,"=""1443442313""","=""9781443442312""",3,4.07,Collins,Hardcover,277,2016,2016,,2020/01/04,,,read,,,,1,,,0,,,,,
28512671,"Everybody Lies: Big Data, New Data, and What the Internet Can Tell Us About Who We Really Are",Seth Stephens-Davidowitz,"Stephens-Davidowitz, Seth",Steven Pinker,"=""0062390856""","=""9780062390851""",4,3.91,Dey Street Books,Hardcover,338,2017,2017,,2020/01/04,,,read,,,,1,,,0,,,,,
43582733,Stillness Is the Key,Ryan Holiday,"Holiday, Ryan",,"=""0525538585""","=""9780525538585""",4,4.21,Portfolio,Hardcover,288,2019,2019,,2020/01/04,,,read,,,,1,,,0,,,,,
577204,La valse aux adieux,Milan Kundera,"Kundera, Milan",,"=""2070370437""","=""9782070370436""",5,3.86,Editions Gallimard ,Mass Market Paperback,352,1978,1972,,2020/01/04,,,read,,,,1,,,0,,,,,
1518024,Risibles Amours,Milan Kundera,"Kundera, Milan",François Kérel,"=""2070377024""","=""9782070377022""",5,3.87,Folio,Mass Market Paperback,303,2006,1970,,2020/01/04,,,read,,,,1,,,0,,,,,
835810,L'Insoutenable légèreté de l'être,Milan Kundera,"Kundera, Milan",François Kérel,"=""""","=""""",5,4.10,Folio,Mass Market Paperback,475,1990,1984,,2020/01/04,,,read,,,,1,,,0,,,,,
16631,Steppenwolf,Hermann Hesse,"Hesse, Hermann",Basil Creighton,"=""0140282580""","=""9780140282580""",5,4.13,Penguin,Paperback,256,1999,1927,,2020/01/04,,,read,,,,1,,,0,,,,,
5297,The Picture of Dorian Gray,Oscar Wilde,"Wilde, Oscar",Jeffrey Eugenides,"=""""","=""""",5,4.09,Random House: Modern Library,Paperback,272,2004,1890,,2020/01/04,,,read,,,,4,,,0,,,,,
28862,The Prince,Niccolò Machiavelli,"Machiavelli, Niccolò","Rufus Goodwin, Benjamin Martinez","=""0937832383""","=""9780937832387""",4,3.82,Dante University of America Press,Paperback,140,2003,1532,,2020/01/04,,,read,,,,1,,,0,,,,,
19380,Candide,Voltaire,"Voltaire, Voltaire",Sara Gioacchino Corcos,"=""0486266893""","=""9780486266893""",5,3.77,Dover Publications,Paperback,129,1991,1759,,2020/01/04,,,read,,,,1,,,0,,,,,
2175,Madame Bovary,Gustave Flaubert,"Flaubert, Gustave","Mark Overstall, Malcolm Bowie, Margaret Mauldon","=""0192840398""","=""9780192840394""",4,3.68,Oxford University Press,Paperback,329,2004,1857,,2020/01/04,,,read,,,,1,,,0,,,,,
7190,"The Three Musketeers (The D'Artagnan Romances, #1)",Alexandre Dumas,"Dumas, Alexandre",,"=""""","=""""",5,4.07,Modern Library,Paperback,625,2001,1844,,2020/01/04,,,read,,,,1,,,0,,,,,
49552,The Stranger,Albert Camus,"Camus, Albert","Vedat Günyol, Jalal Al-e Ahmad, Matthew  Ward, علی‌اصغر خبره‌زاده","=""""","=""""",5,3.99,Vintage International,Paperback,123,1989,1942,,2020/01/04,,,read,,,,1,,,0,,,,,
8852,Macbeth,William Shakespeare,"Shakespeare, William",,"=""0743477103""","=""9780743477109""",3,3.91,Simon  Schuster,Paperback,249,2013,1606,,2020/01/04,,,read,,,,1,,,0,,,,,
1420,Hamlet,William Shakespeare,"Shakespeare, William","Harold Bloom, Rex Gibson","=""0521618746""","=""9780521618748""",5,4.03,Cambridge University Press,Paperback,289,2005,1603,,2020/01/04,,,read,,,,1,,,0,,,,,
12296,The Scarlet Letter,Nathaniel Hawthorne,"Hawthorne, Nathaniel","Thomas E. Connolly, Nina Baym","=""0142437263""","=""9780142437261""",4,3.42,Penguin Books,Paperback,279,2003,1850,,2020/01/04,,,read,,,,1,,,0,,,,,
157993,The Little Prince,Antoine de Saint-Exupéry,"Saint-Exupéry, Antoine de","Richard Howard, Ivan Minatti, Nguyễn Thành Vũ","=""""","=""""",5,4.31,"Harcourt, Inc.",Paperback,93,2000,1943,,2020/01/04,,,read,,,,1,,,0,,,,,
890,Of Mice and Men,John Steinbeck,"Steinbeck, John",,"=""0142000671""","=""9780142000670""",5,3.88,Penguin Books,Paperback,103,2002,1937,,2020/01/04,,,read,,,,1,,,0,,,,,
170448,Animal Farm,George Orwell,"Orwell, George","Russell Baker, C.M. Woodhouse","=""0451526341""","=""9780451526342""",4,3.96,Signet Classics,Mass Market Paperback,141,1996,1945,,2020/01/04,,,read,,,,1,,,0,,,,,
6185,Wuthering Heights,Emily Brontë,"Brontë, Emily","Richard J. Dunn, Charlotte Brontë, Robert Heindel","=""""","=""""",4,3.87,Norton,Paperback,464,2002,1847,,2020/01/04,,,read,,,,1,,,0,,,,,
2657,To Kill a Mockingbird,Harper Lee,"Lee, Harper",,"=""""","=""""",5,4.28,Harper Perennial Modern Classics ,Paperback,324,2006,1960,,2020/01/04,,,read,,,,1,,,0,,,,,
4671,The Great Gatsby,F. Scott Fitzgerald,"Fitzgerald, F. Scott",Francis Scott Fitzgerald,"=""""","=""""",5,3.93,Scribner,Paperback,200,2004,1925,,2020/01/04,,,read,,,,1,,,0,,,,,
